Year,India_GDP_Forecast,USA_GDP_Forecast,Germany_GDP_Forecast,India_vs_USA,India_vs_Germany
2023,10440.229656745878,21794.351550966563,4548.651800929643,-11354.121894220685,5891.577855816235
2024,10828.377851039355,22093.8501187612,4589.605788688321,-11265.472267721843,6238.772062351034
2025,11212.742720414499,22390.0599342511,4630.1514139927685,-11177.317213836603,6582.59130642173
2026,11593.36114137273,22683.017110769975,4670.292748727148,-11089.655969397245,6923.068392645582
2027,11970.269630975985,22972.757365096,4710.033824173843,-11002.487734120015,7260.235806802142
2028,12343.504350350207,23259.316021806368,4749.378631418312,-10915.81167145616,7594.125718931896
2029,12713.101108154713,23542.728017583973,4788.331121749903,-10829.62690942926,7924.76998640481
2030,13079.095364017707,23823.02790547684,4826.895207058671,-10743.932541459133,8252.200156959036
2031,13441.522231938336,24100.249859110747,4865.0747602282345,-10658.727627172411,8576.4474717101
2032,13800.416483655576,24374.42767685563,4902.873615524723,-10574.011193200055,8897.542868130851
2033,14155.81255198428,24645.594785946192,4940.295568981839,-10489.782233961912,9215.51698300244
2034,14507.744534118707,24913.784246557316,4977.3443787820825,-10406.039712438609,9530.400155336625
2035,14856.246194903859,25179.02875583466,5014.023765634177,-10322.782560930802,9842.222429269681
2036,15201.350970074927,25441.36065188108,5050.337413146728,-10240.009681806154,10151.0135569282
2037,15543.091969465157,25700.81191769918,5086.288968198159,-10157.719948234022,10456.803001266999
2038,15881.50198018246,25957.41418509065,5121.882041302956,-10075.912204908189,10759.619938879503
2039,16216.613469755048,26211.198738512743,5157.120206974264,-9994.585268757695,11059.493262780783
2040,16548.458589246417,26462.196518892415,5192.0070040828605,-9913.737929645999,11356.451585163555
2041,16877.06917633996,26710.438127398604,5226.545936212559,-9833.368951058645,11650.5232401274
2042,17202.47675839353,26955.953829173024,5260.740472012063,-9753.477070779492,11941.736286381469
2043,17524.71255546421,27198.77355702008,5294.594045543313,-9674.061001555867,12230.1185099209
2044,17843.8074833036,27438.926915056178,5328.110056626356,-9595.119431752577,12515.697426677245
2045,18159.792156323936,27676.443182319035,5361.291871180785,-9516.6510259951,12798.50028514315
2046,18472.696890535273,27911.351316337303,5394.142821563768,-9438.65442580203,13078.554068971505
2047,18782.551706454033,28143.67995666102,5426.666206904704,-9361.128250206988,13355.885499549328
2048,19089.38633198323,28373.457428353297,5458.86529343655,-9284.071096370066,13630.521038546682
2049,19393.230205264605,28600.711745443637,5490.743314823836,-9207.481540179033,13902.486890440769
2050,19694.112477502953,28825.47061434338,5522.303472487413,-9131.358136840427,14171.80900501554
2051,19992.06201576294,29047.761437223577,5553.548935925967,-9055.699421460638,14438.513079836972
2052,20287.107405738647,29267.611315355858,5584.482843034319,-8980.503909617211,14702.624562704328
2053,20579.276954496112,29485.047052416525,5615.108300418552,-8905.770097920413,14964.168654077559
2054,20868.598693189168,29700.095157754426,5645.428383708009,-8831.496464565258,15223.170309481158
2055,21155.100379748772,29912.781849622916,5675.446137864161,-8757.681469874144,15479.654241884611
2056,21438.80950154615,30123.133058376356,5705.1645774864055,-8684.323556830204,15733.644924059747
2057,21719.75327802998,30331.17442963145,5734.5866871148155,-8611.42115160147,15985.166590915165
2058,21997.958663337835,30536.93132739396,5763.7154215298715,-8538.972664056124,16234.243241807962
2059,22273.452348882238,30740.428837150997,5792.553706049195,-8466.97648826876,16480.898642833043
2060,22546.26076591146,30941.691768929417,5821.104436821338,-8395.431003017959,16725.15632909012
2061,22816.410088045344,31140.74466032061,5849.370481116626,-8324.334572275267,16967.039606928716
2062,23083.926233786486,31337.611779472067,5877.354677615119,-8253.685545685581,17206.571556171366
2063,23348.83486900686,31532.317128046114,5905.059836691686,-8183.482259039254,17443.775032315174
2064,23611.161409410233,31724.88444414614,5932.488740698248,-8113.723034735907,17678.672668711984
2065,23870.93102297062,31915.33720521072,5959.644144243195,-8044.406182240098,17911.286878727427
2066,24128.16863234689,32103.69863087591,5986.528774468033,-7975.529998529022,18141.639857878858
2067,24382.898917273906,32289.99168580618,6013.145331321253,-7907.092768532275,18369.753585952654
2068,24635.146316930328,32474.239082494176,6039.496487829487,-7839.092765563848,18595.64982910084
2069,24884.93503228335,32656.46328402982,6065.58489036595,-7771.528251746473,18819.3501419174
2070,25132.289028410545,32836.68650683895,6091.413158916207,-7704.397478428407,19040.87586949434
2071,25377.232036799156,33014.93072339191,6116.983887341292,-7637.698686592754,19260.248149457864
2072,25619.78755762288,33191.21766488239,6142.299643638202,-7571.430107259508,19477.487913984678
2073,25859.97886199654,33365.56882387684,6167.362970197793,-7505.589961880301,19692.61589179875
2074,26097.828994208736,33538.005456934836,6192.176384060109,-7440.1764627261,19905.652610148627
2075,26333.360773932738,33708.54858720059,6216.742377167153,-7375.18781326785,20116.618396765585
2076,26566.596798415856,33877.2190069661,6241.063416613155,-7310.622208550245,20325.5333818027
2077,26797.559444647435,34044.037280206074,6265.141944892332,-7246.477835558639,20532.4174997551
2078,27026.270871505752,34209.02374508506,6288.980380144175,-7182.752873579309,20737.29049136158
2079,27252.753021883946,34372.19851643705,6312.581116396307,-7119.445494553103,20940.171905487638
2080,27477.02762479527,34533.5814882178,6335.9465238049015,-7056.55386342253,21141.08110099037
2081,27699.11619745779,34693.19233593033,6359.078948892711,-6994.076138472541,21340.03724856508
2082,27919.040047358787,34851.05051902366,6381.980714784723,-6932.010471664871,21537.059332574063
2083,28136.820274299025,35007.1752832653,6404.654121441465,-6870.355008966275,21732.16615285756
2084,28352.477772417078,35161.58566308766,6427.101445889982,-6809.107890670581,21925.376326527097
2085,28566.033232193986,35314.300483908664,6449.324942452515,-6748.267251714678,22116.708289741473
2086,28777.507142438262,35465.33836442695,6471.326842972892,-6687.831221988687,22306.18029946537
2087,28986.91979225169,35614.717718891785,6493.109357040669,-6627.797926640094,22493.81043521102
2088,29194.29127297583,35762.45675934814,6514.674672213032,-6568.165486372309,22679.616600762798
2089,29399.64148011965,35908.57349785702,6536.024954234487,-6508.932017737367,22863.616525885165
2090,29602.99011526831,36053.08574869148,6557.16234725436,-6450.095633423174,23045.82776801395
2091,29804.35668797334,36196.01113050853,6578.088974042128,-6391.654442535189,23226.267713931215
2092,30003.760517624476,36337.36706849712,6598.806936200601,-6333.606550872646,23404.953581423877
2093,30201.220735303126,36477.17079650264,6619.318314376984,-6275.950061199517,23581.90242092614
2094,30396.75628561784,36615.439359127995,6639.625168471828,-6218.683073510154,23757.13111714601
2095,30590.385928521937,36752.18961381166,6659.7295378459,-6161.80368528972,23930.656390676035
2096,30782.128241113278,36887.43823288292,6679.633441524989,-6105.309991769645,24102.49479958829
2097,30972.001619416667,37021.20170559453,6699.338878402677,-6049.200086177865,24272.66274101399
2098,31160.02428014871,37153.49634013303,6718.847827441075,-5993.47205998432,24441.176452707638
2099,31346.21426246562,37284.33826560702,6738.162247869568,-5938.124003141398,24608.05201459605
2100,31530.58942969385,37413.743434013595,6757.284079381576,-5883.154004319746,24773.305350312272
2101,31713.167471044,37541.727622183185,6776.21524232935,-5828.560151139187,24936.952228714646
2102,31893.965903307886,37668.30643370303,6794.95763791683,-5774.340530395144,25099.008265391058
2103,32073.002072539166,37793.49530081953,6813.513148390573,-5720.493228280364,25259.488924148594
2104,32250.293155717496,37917.309486319726,6831.883637228789,-5667.01633060223,25418.40951848871
2105,32425.856162396572,38039.76408539211,6850.070949328476,-5613.907922995539,25575.7852130681
2106,32599.707936336017,38160.874027467005,6868.076911190706,-5561.166091130988,25731.63102514531
2107,32771.86515711738,38280.654078036714,6885.90333110405,-5508.788920919331,25885.961826013332
2108,32942.34434174444,38399.11884045572,6903.551999326184,-5456.774498711275,26038.79234241826
2109,33111.16184622784,38516.2827577211,6921.024688263676,-5405.120911493257,26190.137157964167
2110,33278.3338671543,38632.16011423337,6938.323152649982,-5353.826247079065,26340.010714504322
2111,33443.87644324058,38746.765037538,6955.4491297216755,-5302.888594297423,26488.427313518907
2112,33607.805456872215,38860.11150004791,6972.404339392908,-5252.306043175697,26635.401117479305
2113,33770.13663562729,38972.213320746814,6989.190484428136,-5202.076685119522,26780.946151199154
2114,33930.88555378543,39083.084166874105,7005.809250613129,-5152.198613088673,26925.076303172304
2115,34090.067633821935,39192.73755559111,7022.262306924263,-5102.6699217691785,27067.805326897673
2116,34247.69814788748,39301.1868556291,7038.551305696131,-5053.488707741621,27209.14684219135
2117,34403.792219273346,39408.445288919145,7054.677882787488,-5004.653069645799,27349.114336485858
2118,34558.36482386235,39514.5259322041,7070.64365774553,-4956.161108341752,27487.72116611682
2119,34711.430791565675,39619.44171863295,7086.450233968544,-4908.0109270672765,27624.980557597133
2120,34863.00480774565,39723.20543933754,7102.099198866932,-4860.200631591884,27760.90560887872
2121,35013.10141462471,39825.82974499207,7117.592124022629,-4812.728330367361,27895.50929060208
2122,35161.73501268056,39927.327147355456,7132.930565346933,-4765.592134674895,28028.804447333627
2123,35308.91986202782,40027.7100207967,7148.116063236763,-4718.790158768883,28160.803798791057
2124,35454.67008378611,40126.99060380358,7163.150142729353,-4672.320520017463,28291.51994105676
2125,35598.99966143493,40225.181000474724,7178.034313655411,-4626.181339039795,28420.96534777952
2126,35741.92244215515,40322.29318199537,7192.770070790746,-4580.370739840218,28549.152371364402
2127,35883.45213815761,40418.33898809676,7207.358894006382,-4534.8868499391465,28676.09324415123
2128,36023.602327998655,40513.33012849974,7221.802248417179,-4489.7278005010885,28801.800079581477
2129,36162.38645788289,40607.27818434233,7236.101584528969,-4444.891726459442,28926.284873353918
2130,36299.817842953205,40700.19460959164,7250.258338384234,-4400.376766638437,29049.55950456897
2131,36435.90966856829,40792.090732440396,7264.273931706308,-4356.181063872107,29171.63573686198
2132,36570.67499156762,40882.97775668797,7278.149772042172,-4312.302765120352,29292.525219525447
2133,36704.12674152416,40972.866763106395,7291.887252903803,-4268.7400215822345,29412.23948862036
2134,36836.27772198486,41061.768710791264,7305.487753908121,-4225.490988806407,29530.789968076737
2135,36967.140611699004,41149.69443849787,7318.952640915542,-4182.553826798867,29648.18797078346
2136,37096.727965834674,41236.65466596262,7332.283266167144,-4139.926700127944,29764.444699667532
2137,37225.0522171833,41322.65999520999,7345.480968420472,-4097.607778026693,29879.571248762826
2138,37352.12567735244,41407.7209118451,7358.547073083984,-4055.5952344926627,29993.578604268452
2139,37477.96053794702,41491.84778633206,7371.482892350163,-4013.8872483850355,30106.47764559686
2140,37602.56887173901,41575.0508752584,7384.289725327286,-3972.4820035193916,30218.27914641172
2141,37725.96263382566,41657.340322585434,7396.9688581699,-3931.377688759778,30328.993775655756
2142,37848.15366277652,41738.726160885075,7409.521564207986,-3890.5724981085514,30438.632098568538
2143,37969.153681769276,41819.21831256294,7421.949104074825,-3850.064630793662,30547.20457769445
2144,38088.97429971443,41898.826591068064,7434.252725833619,-3809.8522913536362,30654.721573880808
2145,38207.627012369114,41977.5607020894,7446.433665102812,-3769.9336897202884,30761.1933472663
2146,38325.123203439995,42055.43024473905,7458.493145180188,-3730.3070412990564,30866.630058259805
2147,38441.47414567545,42132.44471272259,7470.432377165727,-3690.9705670471376,30971.04176850972
2148,38556.69100194708,42208.613495496524,7482.252560083227,-3651.922493549442,31074.438441863855
2149,38670.784826320705,42283.94587941306,7493.954881000715,-3613.161053092357,31176.82994531999
2150,38783.7665651169,42358.45104885225,7505.5405151496725,-3574.684483735349,31278.226049967227
2151,38895.64705796119,42432.13808734172,7517.010626043051,-3536.4910293805297,31378.63643191814
2152,39006.43703882404,42505.01597866416,7528.366365592121,-3498.5789398401175,31478.070673231923
2153,39116.14713705066,42577.09360795258,7539.608874222162,-3460.9464709019157,31576.5382628285
2154,39224.787878380834,42648.37976277356,7550.739280986985,-3423.5918843927284,31674.04859739385
2155,39332.369685958736,42718.883134198666,7561.758703682324,-3386.51344823993,31770.610982276412
2156,39438.90288133296,42788.612317863954,7572.6682489580935,-3349.7094365309968,31866.234632374864
2157,39544.397685446806,42857.57581501803,7583.469012429521,-3313.178129571228,31960.928673017283
2158,39648.86421961884,42925.78203355847,7594.162078787186,-3276.9178139396317,32054.70214083165
2159,39752.312506514,42993.23928905686,7604.748521905942,-3240.9267825428615,32147.563984608056
2160,39854.75247110514,43059.95580577268,7615.22940495277,-3205.2033346675453,32239.523066152367
2161,39956.19394162528,43125.93971765594,7625.605780493548,-3169.7457760306643,32330.58816113173
2162,40056.64665051053,43191.19906933886,7635.8786905987545,-3134.5524188283307,32420.767959911773
2163,40156.12023533381,43255.74181711668,7646.0491669481235,-3099.6215817828706,32510.071068385685
2164,40254.62423972954,43319.575829917674,7656.118230934253,-3064.9515901881314,32598.506008795288
2165,40352.16811430922,43382.70889026248,7666.086893765179,-3030.540775953261,32686.08122054404
2166,40448.76121756818,43445.14869521296,7675.95615656593,-2996.3874776447847,32772.80506100225
2167,40544.41281678339,43506.90285731063,7685.727010479066,-2962.490040527242,32858.685806304326
2168,40639.13208890264,43567.978905504715,7695.400436764216,-2928.8468166020757,32943.73165213842
2169,40732.928121424935,43628.3842860701,7704.9774068966235,-2895.456164645162,33027.95071452831
2170,40825.80991327242,43688.126363515155,7714.458882664713,-2862.316450242739,33111.3510306077
2171,40917.78637565367,43747.21242147959,7723.845816266673,-2829.426045825923,33193.940559386996
2172,41008.866332918726,43805.64966362252,7733.139150406086,-2796.7833307037945,33275.72718251264
2173,41099.05852340566,43863.44521450062,7742.3398183866,-2764.386691094958,33356.71870501906
2174,41188.371600278966,43920.606120436845,7751.448744205663,-2732.234520157879,33436.9228560733
2175,41276.81413235975,43977.13935037941,7760.466842647309,-2700.3252180196578,33516.347289712445
2176,41364.39460494785,44033.05179675149,7769.395019374035,-2668.6571918036425,33594.99958557381
2177,41451.121420635885,44088.350276291545,7778.234171017748,-2637.2288556556596,33672.887249618136
2178,41537.00290011548,44143.04153088433,7786.985185269816,-2606.038630768846,33750.01771484567
2179,41622.0472829755,44197.132228382914,7795.6489409702135,-2575.0849454074123,33826.39834200529
2180,41706.26272849259,44250.62896342161,7804.226308195781,-2544.366234929017,33902.03642029681
2181,41789.657316414006,44303.53825821992,7812.718148347607,-2513.8809418059172,33976.9391680664
2182,41872.23904773278,44355.86656337783,7821.125314237533,-2483.62751564505,34051.113733495244
2183,41954.01584545533,44407.62025866211,7829.448650173801,-2453.6044132067764,34124.56719528153
2184,42034.99555536165,44458.80565378422,7837.688992045845,-2423.8100984225675,34197.30656331581
2185,42115.18594675801,44509.42898916958,7845.847167408234,-2394.2430424115737,34269.338779349775
2186,42194.59471322232,44559.49643671831,7853.923995563786,-2364.90172349599,34340.67071765853
2187,42273.22947334238,44609.01410055779,7861.920287645844,-2335.784627215413,34411.30918569653
2188,42351.09777144668,44657.98801778681,7869.83684669974,-2306.890246340132,34481.26092474694
2189,42428.207078328305,44706.42415921161,7877.674467763436,-2278.2170808833034,34550.53261056487
2190,42504.56479196166,44754.32843007383,7885.433937947377,-2249.76363811217,34619.130854014285
2191,42580.17823821223,44801.70667077048,7893.1160365135265,-2221.528432558247,34687.0622016987
2192,42655.05467153948,44848.56465756598,7900.721534953638,-2193.5099860264963,34754.33313658585
2193,42729.2012756928,44894.90810329638,7908.251197066726,-2165.706827603579,34820.950078626076
2194,42802.625164400764,44940.74265806587,7915.70577903577,-2138.1174936651078,34886.91938536499
2195,42875.33338205362,44986.07390993564,7923.086029503667,-2110.7405278820224,34952.24735254995
2196,42947.332904379124,45030.90738560514,7930.392689648402,-2083.5744812260164,35016.94021473072
2197,43018.630639111834,45075.248551085904,7937.626493257492,-2056.61791197407,35081.00414585434
2198,43089.23342665582,45119.10281236794,7944.788166801677,-2029.8693857121252,35144.44525985414
2199,43159.148040740925,45162.47551607886,7951.878429507871,-2003.3274753379374,35207.26961123305
2200,43228.38118907272,45205.37195013567,7958.8979934314,-1976.9907610629452,35269.483195641325
2201,43296.939513975965,45247.79734438947,7965.847563527507,-1950.857830413508,35331.091950448455
2202,43364.82959303194,45289.756871263155,7972.72783772215,-1924.9272782312182,35392.101755309784
2203,43432.057939709455,45331.255646381906,7979.539506982093,-1899.1977066724503,35452.51843272736
2204,43498.63100398983,45372.29872919695,7986.283255384297,-1873.6677252071167,35512.347748605534
2205,43564.55517298566,45412.89112360237,7992.959760184622,-1848.3359506167108,35571.595412801034
2206,43629.83677155363,45453.03777854521,7999.569691885838,-1823.2010069915777,35630.26707966779
2207,43694.482062901305,45492.74358862877,8006.113714304967,-1798.2615257274665,35688.36834859634
2208,43758.49724918807,45532.01339470943,8012.592484639945,-1773.5161455213602,35745.904764548126
2209,43821.88847212013,45570.85198448677,8019.00665353562,-1748.9635123666376,35802.881818584516
2210,43884.66181353981,45609.26409308731,8025.3568651491,-1724.6022795475,35859.30494839071
2211,43946.82329600898,45647.254403641804,8031.643757214441,-1700.4311076328231,35915.17953879454
2212,44008.37888338694,45684.82754785619,8037.867961106695,-1676.4486644692515,35970.51092228024
2213,44069.334481402555,45721.98810657629,8044.030101905311,-1652.6536251737343,36025.30437949725
2214,44129.69593822087,45758.7406103463,8050.130798456919,-1629.0446721254266,36079.56513976395
2215,44189.469045004225,45795.08953996112,8056.170663437473,-1605.6204949568928,36133.298381566754
2216,44248.65953646779,45831.039327012666,8062.15030341378,-1582.3797905448737,36186.509233054014
2217,44307.27309142985,45866.594354430155,8068.070318904421,-1559.3212630003036,36239.20277252543
2218,44365.315333356586,45901.75895701449,8073.9313044400515,-1536.4436236579058,36291.38402891654
2219,44422.791830901595,45936.5374219667,8079.733848623118,-1513.7455910651042,36343.05798227848
2220,44479.708098440184,45970.93398941065,8085.478534186963,-1491.2258909704688,36394.22956425322
2221,44536.06959659841,46004.952852910006,8091.165938054346,-1468.8832563115939,36444.90365854406
2222,44591.88173277698,46038.59815997949,8096.796631395391,-1446.716427202511,36495.085101381585
2223,44647.149861670056,46071.87401259053,8102.371179684938,-1424.724150920476,36544.77868198512
2224,44701.87928577895,46104.78446767139,8107.890142759337,-1402.9051818924345,36593.989143019615
2225,44756.07525592095,46137.33353760174,8113.35407487267,-1381.2582816807917,36642.721181048284
2226,44809.74297173295,46169.5251907019,8118.763524752412,-1359.7822189689468,36690.979446980535
2227,44862.88758217044,46201.36335171659,8124.11903565454,-1338.4757695461449,36738.7685465159
2228,44915.51418600144,46232.851902293434,8129.4211454180895,-1317.3377162919933,36786.09304058335
2229,44967.627832295686,46263.99468145627,8134.670386519169,-1296.3668491605858,36832.95744577652
2230,45019.23352090905,46294.79548607312,8139.867286124434,-1275.5619651640664,36879.36623478462
2231,45070.33620296325,46325.25807131911,8145.012366144028,-1254.9218683558647,36925.32383681922
2232,45120.94078132084,46355.38615113433,8150.106143284001,-1234.4453698134894,36970.83463803684
2233,45171.052111055615,46385.18339867659,8155.149129098195,-1214.1312876209777,37015.90298195742
2234,45220.67499991842,46414.65344676928,8160.1418300396235,-1193.978446850866,37060.53316987879
2235,45269.81420879839,46443.79988834426,8165.084747511327,-1173.9856795458763,37104.72946128706
2236,45318.47445217972,46472.62627687989,8169.978377916734,-1154.1518247001732,37148.496074262985
2237,45366.66039859401,46501.13612683427,8174.823212709507,-1134.4757282402643,37191.837185884506
2238,45414.37667106814,46529.33291407375,8179.619738442905,-1114.9562430056103,37234.756932625234
2239,45461.62784756779,46557.22007629664,8184.3684368186405,-1095.5922287288486,37277.259410749146
2240,45508.41846143673,46584.801013452394,8189.069784735257,-1076.3825520156606,37319.34867670148
2241,45554.75300183169,46612.07908815605,8193.724254336026,-1057.3260863243631,37361.028747495664
2242,45600.635914153056,46639.05762609828,8198.332313056355,-1038.4217119452223,37402.303601096704
2243,45646.071600471405,46665.73991645079,8202.894423670745,-1019.6683159793829,37443.17717680066
2244,45691.06441994983,46692.12921226733,8207.41104433925,-1001.0647923175056,37483.65337561058
2245,45735.618689262155,46718.22873088035,8211.882628653493,-982.6100416181944,37523.73606060866
2246,45779.73868300709,46744.04165429318,8216.30962568223,-964.302971286088,37563.42905732486
2247,45823.42863411835,46769.57112956804,8220.692480016434,-946.1424954496906,37602.73615410191
2248,45866.69273427074,46794.82026920969,8225.031631813954,-928.1275349389471,37641.66110245679
2249,45909.53513428236,46819.7921515449,8229.32751684371,-910.2570172625346,37680.20761743865
2250,45951.95994451279,46844.48982109777,8233.580566529465,-892.5298765849802,37718.37937798332
2251,45993.971235257464,46868.916288960885,8237.791207993148,-874.9450537034209,37756.180027264316
2252,46035.57303713819,46893.07453316246,8241.959864097747,-857.5014960242697,37793.61317304044
2253,46076.76934148983,46916.96749902937,8246.086953489777,-840.1981575395403,37830.68238800005
2254,46117.564100743264,46940.598099546296,8250.172890641326,-823.0339988030319,37867.39121010194
2255,46157.96122880457,46963.96921571081,8254.218085891674,-806.0079869062392,37903.74314291289
2256,46197.964601430525,46987.083696884656,8258.222945488507,-789.1190954541307,37939.741655942016
2257,46237.57805660047,47009.94436114114,8262.187871628714,-772.366304540672,37975.39018497175
2258,46276.805394884526,47032.55399560869,8266.113262498779,-755.7486007241605,38010.692132385746
2259,46315.650379808205,47054.91535681064,8269.999512314767,-739.2649770024364,38045.65086749344
2260,46354.116738213525,47077.03117100137,8273.847011361919,-722.9144327878457,38080.269726851606
2261,46392.20816061654,47098.9041344986,8277.656146033842,-706.695973882066,38114.552014582696
2262,46429.92830156141,47120.53691401218,8281.427298871313,-690.6086124507638,38148.5010026901
2263,46467.28077997105,47141.93214696915,8285.160848600704,-674.6513669980995,38182.11993137035
2264,46504.26917949431,47163.09244183539,8288.857170172012,-658.8232623410804,38215.412009322295
2265,46540.8970488498,47184.02037843353,8292.51663479651,-643.1233295837301,38248.38041405329
2266,46577.16790216638,47204.718508257545,8296.139609984031,-627.5506060911648,38281.02829218235
2267,46613.08521932028,47225.18935478381,8299.726459579877,-612.1041354635308,38313.358759740404
2268,46648.652446268985,47245.43541377873,8303.277543801361,-596.7829675097455,38345.37490246762
2269,46683.872995381826,47265.45915360308,8306.793219273972,-581.5861582212528,38377.07977610786
2270,46718.75024576739,47285.26301551287,8310.273839067202,-566.5127697454809,38408.47640670019
2271,46753.287543597704,47304.849413957054,8313.719752729996,-551.56187035935,38439.56779086771
2272,46787.48820242927,47324.22073687184,8317.13130632586,-536.7325344425699,38470.3568961034
2273,46821.355503520965,47343.379345971814,8320.508842467618,-522.0238424508498,38500.84666105335
2274,46854.89269614889,47362.327577037955,8323.852700351808,-507.4348808890645,38531.03999579708
2275,46888.102997918046,47381.0677402023,8327.163215792762,-492.9647422842536,38560.939782125286
2276,46920.98959507109,47399.60212022968,8330.440721256318,-478.61252515859087,38590.548873814776
2277,46953.555642794,47417.932976796226,8333.685545893219,-464.3773340022235,38619.870096900784
2278,46985.804265518804,47436.062544764885,8336.898015572157,-450.25827924608166,38648.906249946645
2279,47017.7385572233,47453.99303445788,8340.078452912512,-436.2544772345791,38677.660104310795
2280,47049.361581727986,47471.72663192619,8343.227177316743,-422.3650501982047,38706.13440441124
2281,47080.676372989896,47489.265499216075,8346.344505002467,-408.58912622617936,38734.33186798743
2282,47111.685935393776,47506.611774632656,8349.430749034216,-394.92583923888014,38762.25518635956
2283,47142.393244040264,47523.76757300064,8352.486219354878,-381.37432896037353,38789.90702468539
2284,47172.80124503136,47540.734985922114,8355.511222816822,-367.93374089075223,38817.29002221454
2285,47202.91285575307,47557.51608203159,8358.506063212717,-354.60322627851565,38844.40679254035
2286,47232.73096515532,47574.11290724817,8361.471041306037,-341.3819420928485,38871.259923849284
2287,47262.25843402909,47590.52748502503,8364.40645486127,-328.2690509959357,38897.851979167826
2288,47291.4980952809,47606.76181659606,8367.312598673818,-315.2637213151611,38924.18549660708
2289,47320.45275420462,47622.81788121989,8370.189764599605,-302.36512701526954,38950.26298960501
2290,47349.12518875059,47638.6976364212,8373.03824158439,-289.5724476706091,38976.0869471662
2291,47377.51814979216,47654.403018229335,8375.858315692776,-276.8848684371769,39001.65983409938
2292,47405.634361389595,47669.935941414384,8378.650270136948,-264.30158002478856,39026.98409125265
2293,47433.47652105142,47685.298299720605,8381.41438530511,-251.8217786691821,39052.06213574631
2294,47461.047299993275,47700.491966097325,8384.150938789648,-239.44466610404925,39076.89636120363
2295,47488.349343394104,47715.51879292725,8386.860205414998,-227.1694495331467,39101.48913797911
2296,47515.385270650026,47730.38061225236,8389.54245726526,-214.99534160233452,39125.84281338476
2297,47542.15767562558,47745.07923599721,8392.19796371151,-202.9215603716293,39149.959711914074
2298,47568.66912690264,47759.61645618987,8394.826991438862,-190.94732928722806,39173.84213546378
2299,47594.92216802679,47773.9940451804,8397.429804473246,-179.07187715361215,39197.49236355354
2300,47620.9193177514,47788.21375585693,8400.00666420792,-167.29443810552766,39220.912653543484
2301,47646.66307027925,47802.277321859365,8402.557829429727,-155.61425158011116,39244.10524084953
2302,47672.15589550187,47816.186457790755,8405.083556345078,-144.03056228888454,39267.07233915679
2303,47697.40023923643,47829.94285942633,8407.58409860569,-132.54262018990266,39289.81614063073
2304,47722.39852346046,47843.54820392023,8410.059707334058,-121.14968045977002,39312.3388161264
2305,47747.15314654422,47857.00415001002,8412.51063114866,-109.85100346580293,39334.64251539556
2306,47771.66648348074,47870.31233821891,8414.93711618895,-98.64585473816987,39356.72936729179
2307,47795.94088611374,47883.4743910557,8417.33940614006,-87.53350494195911,39378.60147997368
2308,47819.97868336326,47896.491913212696,8419.717742257271,-76.51322984943545,39400.26094110599
2309,47843.78218144908,47909.36649176128,8422.072363390253,-65.58431031219516,39421.70981805883
2310,47867.353664111986,47922.09969634541,8424.403506007046,-54.74603223342274,39442.95015810494
2311,47890.69539283289,47934.69307937303,8426.711404217804,-43.99768654014042,39463.98398861509
2312,47913.809607049785,47947.14817620529,8428.996289798315,-33.338569155508594,39484.81331725147
2313,47936.69852437261,47959.466505343764,8431.25839221327,-22.76798097115534,39505.44013215934
2314,47959.36434079599,47971.64956861554,8433.49793863931,-12.285227819549618,39525.86640215668
2315,47981.80923090997,47983.69885135638,8435.715153987843,-1.889620446410845,39546.09407692212
2316,48004.035348108584,47995.615822591775,8437.910260927627,8.41952551680879,39566.12508718096
2317,48026.04482479651,48007.40193521604,8440.083479907133,18.642889580471092,39585.96134488938
2318,48047.83977259363,48019.05862616948,8442.235029176689,28.78114642415312,39605.604743416945
2319,48069.422282537605,48030.58731661352,8444.365124810392,38.83496592408483,39625.05715772721
2320,48090.794425284534,48041.98941210404,8446.473980727811,48.8050131804921,39644.320444556724
2321,48111.958251307595,48053.26630276271,8448.561808715469,58.6919485448816,39663.39644259213
2322,48132.91579109376,48064.41936344645,8450.628818448109,68.49642764731107,39682.28697264565
2323,48153.6690553386,48075.44995391504,8452.675217509764,78.21910142355773,39700.993837828835
2324,48174.22003513923,48086.35941899699,8454.701211414584,87.86061614224309,39719.51882372465
2325,48194.57070218531,48097.14908875339,8456.707003627494,97.42161343192129,39737.86369855781
2326,48214.7230089482,48107.82027864011,8458.692795584615,106.90273030808748,39756.030213363585
2327,48234.67888886829,48118.37428966821,8460.6587867135,116.30459920008434,39774.02010215479
2328,48254.44025654055,48128.8124085625,8462.60517445316,125.62784797804488,39791.83508208739
2329,48274.009007898116,48139.13590791848,8464.53215427389,134.87309997963894,39809.476853624226
2330,48293.38702039429,48149.346046357394,8466.439919696904,144.04097403689957,39826.94710069739
2331,48312.576153182614,48159.4440686798,8468.328662313768,153.13208450281672,39844.247490868845
2332,48331.57824729522,48169.43120601724,8470.198571805638,162.14704127798177,39861.37967548958
2333,48350.39512581952,48179.30867598239,8472.049835962314,171.0864498371302,39878.34528985721
2334,48369.028594073076,48189.07768281747,8473.882640701097,179.9509112556043,39895.145953371975
2335,48387.480439776795,48198.7394175411,8475.69717008546,188.74102223569207,39911.78326969134
2336,48405.752433226495,48208.29505809349,8477.493606343529,197.45737513300264,39928.258826882964
2337,48423.84632746269,48217.74576948004,8479.272129886394,206.1005579826524,39944.574197576294
2338,48441.763858438826,48227.092703913375,8481.032919326219,214.67115452545113,39960.730939112604
2339,48459.50674518779,48236.33700095386,8482.776151494178,223.1697442339282,39976.73059369362
2340,48477.07668998689,48245.47978764851,8484.50200145822,231.59690233838046,39992.57468852867
2341,48494.475378521114,48254.52217866837,8486.210642540651,239.95319985274546,40008.26473598046
2342,48511.7044800449,48263.46527644443,8487.902246335529,248.2392036004676,40023.80223370937
2343,48528.76564754226,48272.310171302066,8489.57698272591,256.45547624019673,40039.18866481635
2344,48545.6605178854,48281.05794159392,8491.235019900905,264.60257629147964,40054.4254979845
2345,48562.39071199173,48289.70965383141,8492.876524372565,272.6810581603204,40069.51418761916
2346,48578.95783497939,48298.26636281472,8494.50166099261,280.6914721646681,40084.45617398678
2347,48595.36347632126,48306.72911176144,8496.110592968982,288.63436455982446,40099.25288335228
2348,48611.60920999745,48315.09893243371,8497.703481882236,296.51027756373514,40113.90572811521
2349,48627.69659464629,48323.376845264065,8499.280487701764,304.31974938222265,40128.416106944525
2350,48643.62717371389,48331.56385947978,8500.84176880187,312.0633142341103,40142.78540491202
2351,48659.40247560222,48339.66097322595,8502.387481977663,319.741502376266,40157.01499362456
2352,48675.024013815724,48347.6691736872,8503.917782460809,327.3548401285225,40171.10623135492
2353,48690.49328710657,48355.58943720798,8505.432823935118,334.9038498985901,40185.06046317145
2354,48705.8117796184,48363.42272941167,8506.932758551988,342.38905020672973,40198.879021066416
2355,48720.98096102874,48371.170005318265,8508.41773694567,349.81095571047626,40212.563224083075
2356,48736.00228669,48378.83220946081,8509.887908248409,357.17007722919516,40226.11437844159
2357,48750.877197769114,48386.41027600056,8511.343420105408,364.4669217685514,40239.5337776637
2358,48765.60712138578,48393.90512884089,8512.784418689667,371.70199254489125,40252.82270269611
2359,48780.19347074941,48401.31768173991,8514.21104871666,378.8757890095003,40265.98242203275
2360,48794.63764529468,48408.64883842187,8515.623453458864,385.9888068728105,40279.01419183581
2361,48808.941030815855,48415.89949268738,8517.021774760153,393.04153812847653,40291.9192560557
2362,48823.10499959968,48423.07052852231,8518.406153050037,400.03447107737156,40304.69884654964
2363,48837.130910557054,48430.16282020563,8519.776727357768,406.9680903514236,40317.354183199284
2364,48851.02010935344,48437.17723241597,8521.133635326307,413.8428769374732,40329.88647402714
2365,48864.77392853792,48444.114620337044,8522.47701322614,420.6593082008767,40342.29691531178
2366,48878.3936876711,48450.97582976188,8523.806995968964,427.4178579092186,40354.586691702134
2367,48891.880693451654,48457.76169719603,8525.123717121241,434.11899625562364,40366.75697633041
2368,48905.2362398417,48464.473049959444,8526.427308917606,440.7631898822583,40378.8089309241
2369,48918.461608191,48471.11070628741,8527.717902274151,447.3509019035919,40390.743705916844
2370,48931.558067359816,48477.67547543028,8528.99562680157,453.8825919295341,40402.56244055825
2371,48944.52687384071,48484.168157752145,8530.260610818177,460.3587160885654,40414.26626302253
2372,48957.369271879055,48490.5895448284,8531.512981362792,466.7797270506562,40425.85629051626
2373,48970.08649359241,48496.940419542276,8532.752864207498,473.1460740501352,40437.33362938491
2374,48982.67975908878,48503.221556180244,8533.980383870274,479.4582029085359,40448.69937521851
2375,48995.15027658359,48509.433720526475,8535.195663627499,485.71655605711567,40459.95461295609
2376,49007.49924251568,48515.57766995615,8536.398825526332,491.921572559535,40471.10041698935
2377,49019.72784166206,48521.65415352781,8537.58999039697,498.07368813425273,40482.13785126509
2378,49031.83724725158,48527.66391207473,8538.76927786478,504.1733351768489,40493.0679693868
2379,49043.82862107749,48533.607678295135,8539.936806362319,510.22094278235454,40503.89181471517
2380,49055.70311360892,48539.486176841645,8541.092693141218,516.2169367672759,40514.6104204677
2381,49067.461864101235,48545.30012440955,8542.237054283967,522.1617396916845,40525.22480981727
2382,49079.106000705346,48551.0502298242,8543.370004715565,528.0557708811466,40535.73599598978
2383,49090.63664057596,48556.73719412745,8544.491658215067,533.8994464485149,40546.14498236089
2384,49102.05488997873,48562.36171066309,8545.60212742701,539.69317931564,40556.45276255172
2385,49113.36184439644,48567.92446516142,8546.701523872718,545.4373792350161,40566.66032052372
2386,49124.55858863404,48573.42613582282,8547.789957961515,551.1324528112236,40576.76863067252
2387,49135.64619692279,48578.86739340043,8548.867539001803,556.7788035223566,40586.778657920986
2388,49146.62573302329,48584.248901281986,8549.934375212046,562.3768317413051,40596.69135781124
2389,49157.49825032754,48589.5713155706,8550.990573731628,567.9269347569352,40606.50767659591
2390,49168.264791960006,48594.83528516485,8552.036240631624,573.4295067951534,40616.228551328386
2391,49178.9263908777,48600.041451837824,8553.071480925446,578.8849390398755,40625.85490995225
2392,49189.48406996929,48605.19045031541,8554.096398579391,584.2936196538794,40635.38767138989
2393,49199.93884215322,48610.282908353634,8555.111096523087,589.6559337995859,40644.82774563013
2394,49210.29171047491,48615.319446815236,8556.115676659816,594.9722636596707,40654.17603381509
2395,49220.54366820298,48620.30067974534,8557.110239876765,600.2429884576413,40663.433428326214
2396,49230.69569892456,48625.22721444635,8558.094886055143,605.4684844782096,40672.600812869416
2397,49240.748776639615,48630.099651551915,8559.069714080226,610.6491250877007,40681.679062559386
2398,49250.70386585444,48634.918585100255,8560.034821851274,615.7852807541858,40690.66904400317
2399,49260.561921674176,48639.68460260653,8560.990306291369,620.8773190676438,40699.57161538281
2400,49270.32388989444,48644.39828513448,8561.936263357153,625.9256047599629,40708.38762653729
2401,49279.990707092074,48649.06020736722,8562.872788048457,630.9304997248546,40717.117919043616
2402,49289.56330071499,48653.670937677416,8563.799974417845,635.8923630375721,40725.76332629714
2403,49299.04258917117,48658.23103819647,8564.717915580062,640.8115509747004,40734.32467359111
2404,49308.42948191676,48662.741064883114,8565.626703721382,645.6884170336489,40742.80277819538
2405,49317.724879543355,48667.20156759115,8566.526430108863,650.5233119522018,40751.198449434494
2406,49326.92967386434,48671.61309013657,8567.417185099519,655.3165837277702,40759.51248876482
2407,49336.04474800052,48675.97617036372,8568.299058149392,660.0685776367973,40767.74568985112
2408,49345.07097646482,48680.291340211,8569.172137822536,664.7796362538211,40775.898838642286
2409,49354.00922524618,48684.55912577566,8570.036511799906,669.4500994705231,40783.972713446274
2410,49362.860351892654,48688.78004737795,8570.892266888177,674.080304514704,40791.968085004475
2411,49371.625205593664,48692.95461962455,8571.739489028443,678.6705859691137,40799.88571656522
2412,49380.304627261496,48697.083351471316,8572.578263304866,683.2212757901798,40807.72636395663
2413,49388.89944961197,48701.16674628532,8573.408673953205,687.7327033266483,40815.49077565876
2414,49397.41049724432,48705.20530190627,8574.230804369292,692.2051953380433,40823.17969287503
2415,49405.83858672032,48709.19951070711,8575.04473711739,696.6390760132053,40830.793849602924
2416,49414.18452664262,48713.14985965415,8575.8505539385,701.0346669884675,40838.33397270412
2417,49422.44911773234,48717.05683036636,8576.648335758557,705.3922873659831,40845.80078197378
2418,49430.63315290587,48720.92089917413,8577.438162696566,709.7122537317409,40853.194990209304
2419,49438.73741735095,48724.74253717734,8578.220114072648,713.99488017361,40860.517303278306
2420,49446.762688602015,48728.52221030278,8578.994268415998,718.240478299238,40867.76842018602
2421,49454.70973661478,48732.26037936095,8579.76070347278,722.4493572538267,40874.949033141995
2422,49462.57932384009,48735.957500102275,8580.519496213932,726.6218237378125,40882.05982762616
2423,49470.372205297135,48739.61402327265,8581.270722842894,730.7581820244886,40889.10148245424
2424,49478.08912864581,48743.23039466835,8582.014458803262,734.8587339774604,40896.07466984255
2425,49485.73083425852,48746.8070551905,8582.750778786365,738.9237790680199,40902.98005547215
2426,49493.29805529114,48750.344440898654,8583.479756738769,742.9536143924852,40909.818298552374
2427,49500.79151775341,48753.84298306413,8584.201465869699,746.9485346892761,40916.59005188371
2428,49508.21194057856,48757.3031082225,8584.915978658388,750.9088323560645,40923.29596192017
2429,49515.56003569232,48760.72523822558,8585.623366861368,754.834797466734,40929.93666883095
2430,49522.83650808115,48764.10979029293,8586.323701519665,758.7267177882168,40936.512806561484
2431,49530.04205585997,48767.45717706265,8587.017052965934,762.5848787973227,40943.025002894035
2432,49537.177370339086,48770.76780664173,8587.703490831529,766.409563697358,40949.473879507554
2433,49544.24313609051,48774.042082655775,8588.383084053496,770.2010534347355,40955.86005203702
2434,49551.24003101366,48777.280404298275,8589.055900881483,773.9596267153829,40962.18413013218
2435,49558.168726400385,48780.483166379185,8589.722008884613,777.6855600212002,40968.44671751577
2436,49565.029886999386,48783.65075937314,8590.381474958254,781.3791276262491,40974.64841204113
2437,49571.82417107997,48786.78356946701,8591.03436533075,785.0406016129637,40980.78980574922
2438,49578.55223049523,48789.881978606994,8591.680745570056,788.6702518882375,40986.87148492518
2439,49585.21471074456,48792.94636454522,8592.320680590343,792.2683461993438,40992.89403015422
2440,49591.81225103562,48795.97710088575,8592.954234658497,795.8351501498692,40998.858016377126
2441,49598.3454843456,48798.974557130154,8593.581471400592,799.3709272154447,41004.76401294501
2442,49604.81503748202,48801.93909872256,8594.202453808264,802.8759387594546,41010.612583673756
2443,49611.22153114283,48804.871087094216,8594.817244245047,806.350444048614,41016.404286897785
2444,49617.56557997596,48807.770879707525,8595.42590445263,809.7947002684377,41022.13967552333
2445,49623.847792638306,48810.63883009964,8596.02849555706,813.2089625386652,41027.819297081245
2446,49630.0687718541,48813.4752879256,8596.625078074887,816.5934839285037,41033.44369377921
2447,49636.22911447277,48816.28059900089,8597.215711919227,819.9485154718786,41039.013402553544
2448,49642.32941152617,48819.0551053437,8597.800456405792,823.2743061824658,41044.528955120375
2449,49648.370248285304,48821.79914521651,8598.379370258841,826.5711030687962,41049.99087802647
2450,49654.35220431647,48824.51305316741,8598.952511617079,829.8391511490627,41055.39969269939
2451,49660.27585353688,48827.197160070864,8599.519938039495,833.0786934660136,41060.755915497386
2452,49666.14176426968,48829.851793168054,8600.081706511144,836.2899711016289,41066.06005775854
2453,49671.95049929854,48832.47727610676,8600.63787344887,839.4732231917806,41071.31262584967
2454,49677.70261592159,48835.07392898084,8601.188494706965,842.6286869407486,41076.514121214626
2455,49683.39866600491,48837.642068369234,8601.73362558279,845.7565976356782,41081.66504042212
2456,49689.03919603551,48840.18200737459,8602.273320822318,848.8571886609207,41086.7658752132
2457,49694.62474717368,48842.6940556614,8602.80763462564,851.9306915122797,41091.81711254804
2458,49700.15585530499,48845.17851949379,8603.3366206524,854.9773358111997,41096.81923465259
2459,49705.633051091674,48847.63570177283,8603.860332027194,857.9973493188445,41101.77271906448
2460,49711.05686002353,48850.06590207349,8604.378821344892,860.9909579500381,41106.678038678634
2461,49716.42780246833,48852.469416681124,8604.892140675933,863.9583857872058,41111.5356617924
2462,49721.7463937218,48854.846538627644,8605.400341571545,866.8998550941542,41116.34605215026
2463,49727.01314405699,48857.19755772721,8605.903475068932,869.8155863297798,41121.10966898806
2464,49732.22855877328,48859.52276061155,8606.401591696387,872.7057981617254,41125.82696707689
2465,49737.39313824481,48861.822430764965,8606.894741478372,875.5707074798484,41130.498396766445
2466,49742.507377968555,48864.09684855884,8607.38297394055,878.4105294097171,41135.12440402801
2467,49747.57176861179,48866.34629128582,8607.866338114745,881.2254773259701,41139.70543049705
2468,49752.58679605923,48868.571033193686,8608.344882543872,884.0157628655434,41144.24191351536
2469,49757.55294145958,48870.77134551869,8608.818655286814,886.7815959408908,41148.73428617277
2470,49762.47068127176,48872.947496518704,8609.287703923252,889.5231847530595,41153.18297734851
2471,49767.3404873106,48875.0997515059,8609.752075558428,892.2407358046985,41157.58841175217
2472,49772.162826792046,48877.22837287907,8610.211816827896,894.9344539129743,41161.95100996415
2473,49776.9381623781,48879.33362015568,8610.666973902185,897.6045422224197,41166.27118847592
2474,49781.66695222111,48881.41575000343,8611.117592491459,900.2512022176816,41170.54935972965
2475,49786.34965000776,48883.47501627161,8611.56371785008,902.8746337361517,41174.78593215768
2476,49790.98670500259,48885.511670022024,8612.00539478118,905.475034980569,41178.98131022141
2477,49795.578562091156,48887.5259595596,8612.442667641139,908.0526025315557,41183.13589445002
2478,49800.1256618226,48889.51813046266,8612.875580344053,910.6075313599431,41187.25008147855
2479,49804.62844045203,48891.48842561286,8613.304176366137,913.1400148391695,41191.32426408589
2480,49809.087329982285,48893.437085224825,8613.728498750097,915.6502447574603,41195.35883123219
2481,49813.50275820545,48895.3643468754,8614.148590109446,918.1384113300519,41199.354168096004
2482,49817.87514874387,48897.27044553263,8614.56449263279,920.6047032112401,41203.31065611108
2483,49822.204921090786,48899.15561358443,8614.976248088058,923.0493075063569,41207.228673002726
2484,49826.49249065059,48901.02008086687,8615.383897826705,925.4724097837243,41211.10859282389
2485,49830.73826877869,48902.86407469223,8615.787482787859,927.8741940864566,41214.95078599083
2486,49834.94266282095,48904.687819876715,8616.187043502432,930.2548429442322,41218.755619318516
2487,49839.1060761528,48906.491538767834,8616.582620097191,932.6145373849649,41222.523456055605
2488,49843.22890821792,48908.27545127156,8616.974252298794,934.9534569463576,41226.254655919125
2489,49847.31155456656,48910.039774879086,8617.36197943777,937.2717796874713,41229.94957512879
2490,49851.354406893515,48911.78472469335,8617.745840452477,939.5696822001628,41233.608566441035
2491,49855.357853075664,48913.510513455316,8618.125873893005,941.8473396203481,41237.23197918266
2492,49859.32227720921,48915.21735156984,8618.50211792505,944.1049256393744,41240.820159284165
2493,49863.24805964655,48916.90544713134,8618.874610333762,946.3426125152037,41244.373449312785
2494,49867.135577032706,48918.57500594923,8619.243388527506,948.5605710834789,41247.8921885052
2495,49870.98520234152,48920.226231572895,8619.608489541652,950.7589707686275,41251.37671279987
2496,49874.797304911415,48921.85932531662,8619.969950042276,952.9379795947971,41254.827354869136
2497,49878.57225048083,48923.47448628406,8620.327806329851,955.0977641967693,41258.24444415098
2498,49882.310401223294,48925.071911392544,8620.682094342885,957.23848983075,41261.62830688041
2499,49886.01211578221,48926.65179539709,8621.032849661537,959.3603203851162,41264.979266120674
2500,49889.67774930522,48928.21433091414,8621.380107511184,961.4634183910821,41268.29764179404
2501,49893.30765347833,48929.75970844501,8621.723902765965,963.5479450333223,41271.583750712365
2502,49896.902176559604,48931.2881163992,8622.064269952281,965.6140601604056,41274.837906607325
2503,49900.4616634126,48932.799741117255,8622.40124325226,967.661922295345,41278.06042016034
2504,49903.98645553944,48934.29476689358,8622.734856507188,969.6916886458566,41281.25159903225
2505,49907.47689111359,48935.773375998855,8623.06514322092,971.7035151147356,41284.41174789267
2506,49910.93330501232,48937.235748702275,8623.392136563223,973.6975563100423,41287.5411684491
2507,49914.35602884879,48938.68206329351,8623.715869373136,975.673965555281,41290.64015947566
2508,49917.745391003904,48940.112496104484,8624.036374162235,977.6328948994196,41293.70901684167
2509,49921.10171665778,48941.527221530814,8624.353683117928,979.5744951269662,41296.74803353985
2510,49924.425327820994,48942.926412053115,8624.667828106667,981.4989157678792,41299.757499714324
2511,49927.71654336542,48944.310238258025,8624.978840677155,983.4063051073972,41302.73770268827
2512,49930.975679054885,48945.67886885899,8625.286752063523,985.2968101958977,41305.688926991366
2513,49934.20304757539,48947.032470716804,8625.591593188452,987.1705768585889,41308.61145438694
2514,49937.39895856518,48948.371208860044,8625.893394666286,989.0277497051356,41311.50556389889
2515,49940.56371864441,48949.6952465051,8626.192186806104,990.8684721393074,41314.371531838304
2516,49943.69763144458,48951.00474507609,8626.487999614772,992.692886368488,41317.209631829806
2517,49946.800997637634,48952.299864224595,8626.780862799944,994.5011334130395,41320.02013483769
2518,49949.87411496487,48953.58076184904,8627.070805773052,996.2933531158269,41322.80330919182
2519,49952.91727826545,48954.84759411403,8627.357857652263,998.0696841514218,41325.55942061319
2520,49955.930779504684,48956.10051546932,8627.642047265399,999.830264035365,41328.288732239285
2521,49958.91490780211,48957.33967866868,8627.923403152829,1001.5752291334284,41330.99150464928
2522,49961.86994945913,48958.56523478853,8628.201953570337,1003.304714670594,41333.66799588879
2523,49964.796187986576,48959.77733324631,8628.47772649197,1005.0188547402649,41336.31846149461
2524,49967.69390413185,48960.97612181876,8628.750749612835,1006.7177823130842,41338.94315451902
2525,49970.56337590587,48962.16174665988,8629.021050351877,1008.4016292459928,41341.54232555399
2526,49973.40487860977,48963.334352318765,8629.288655854652,1010.0705262910051,41344.11622275512
2527,49976.21868486128,48964.49408175728,8629.553592996032,1011.7246031039977,41346.665091865245
2528,49979.005064620884,48965.64107636739,8629.815888382916,1013.3639882534917,41349.18917623797
2529,49981.764285217745,48966.775475988514,8630.0755683569,1014.9888092292313,41351.688716860845
2530,49984.49661137534,48967.89741892446,8630.33265899692,1016.599192450878,41354.16395237842
2531,49987.20230523684,48969.00704196037,8630.587186121871,1018.195263276466,41356.61511911497
2532,49989.88162639029,48970.10448037936,8630.839175293204,1019.7771460109288,41359.04245109709
2533,49992.534831893514,48971.18986797902,8631.08865181749,1021.3449639144965,41361.446180076025
2534,49995.16217629872,48972.26333708773,8631.33564074896,1022.8988392109895,41363.82653554976
2535,49997.76391167701,48973.325018580785,8631.580166892023,1024.4388930962232,41366.18374478498
2536,50000.34028764249,48974.375041896375,8631.82225480376,1025.9652457461125,41368.51803283873
2537,50002.89155137628,48975.41353505131,8632.061928796385,1027.478016324967,41370.82962257989
2538,50005.41794765016,48976.44062465671,8632.299212939688,1028.9773229934508,41373.11873471047
2539,50007.91971885012,48977.456435933345,8632.534131063456,1030.463282916775,41375.385587786666
2540,50010.39710499958,48978.46109272701,8632.76670675986,1031.9360122725702,41377.63039823972
2541,50012.85034378242,48979.454717523535,8632.99696338583,1033.3956262588836,41379.853380396584
2542,50015.27967056578,48980.43743146374,8633.224924065396,1034.842239102043,41382.054746500384
2543,50017.685318422664,48981.40935435823,8633.450611692017,1036.2759640644363,41384.23470673065
2544,50020.06751815428,48982.37060470199,8633.674048930869,1037.6969134522951,41386.39346922342
2545,50022.4264983122,48983.32129968882,8633.895258221131,1039.1051986233797,41388.53124009106
2546,50024.76248522026,48984.261555225625,8634.114261778239,1040.5009299946323,41390.64822344202
2547,50027.0757029963,48985.19148594657,8634.331081596109,1041.88421704973,41392.74462140019
2548,50029.36637357366,48986.111205227025,8634.545739449348,1043.2551683466372,41394.82063412431
2549,50031.634716722474,48987.02082519741,8634.758256895448,1044.613891525063,41396.87645982703
2550,50033.88095007074,48987.92045675684,8634.968655276944,1045.9604933139053,41398.9122947938
2551,50036.10528912522,48988.81020958668,8635.17695572356,1047.2950795385404,41400.92833340166
2552,50038.3079472921,48989.69019216388,8635.383179154327,1048.6177551282235,41402.924768137775
2553,50040.489135897486,48990.56051177425,8635.587346279692,1049.928624123233,41404.9017896178
2554,50042.64906420764,48991.421274525484,8635.789477603588,1051.2277896821543,41406.85958660405
2555,50044.7879394491,48992.27258536013,8635.989593425504,1052.5153540889733,41408.7983460236
2556,50046.90596682854,48993.11454806836,8636.18771384251,1053.7914187601782,41410.71825298603
2557,50049.003349552455,48993.94726530068,8636.383858751291,1055.0560842517734,41412.61949080117
2558,50051.08028884668,48994.77083858037,8636.578047850131,1056.309450266308,41414.502240996546
2559,50053.136983975644,48995.58536831589,8636.770300640903,1057.5516156597514,41416.36668333474
2560,50055.17363226157,48996.390953813185,8636.960636431017,1058.782678448384,41418.21299583055
2561,50057.19042910332,48997.18769328766,8637.149074335364,1060.0027358156585,41420.04135476796
2562,50059.1875679952,48997.975683876284,8637.335633278242,1061.211884118915,41421.85193471696
2563,50061.16524054549,48998.75502164936,8637.520331995242,1062.410218896126,41423.644908550246
2564,50063.12363649486,48999.52580162225,8637.703189035145,1063.597834872613,41425.42044745972
2565,50065.06294373455,49000.28811776699,8637.884222761772,1064.7748259675573,41427.17872097278
2566,50066.98334832439,49001.042063023684,8638.063451355833,1065.9412853007088,41428.91989696856
2567,50068.885034510684,49001.78772931191,8638.24089281676,1067.0973051987748,41430.64414169392
2568,50070.76818474386,49002.52520754187,8638.416564964504,1068.2429772019896,41432.35161977935
2569,50072.632979695954,49003.25458762549,8638.590485441327,1069.3783920704664,41434.04249425462
2570,50074.47959827801,49003.97595848741,8638.76267171358,1070.5036397906006,41435.71692656443
2571,50076.3082176572,49004.68940807577,8638.933141073452,1071.6188095814286,41437.37507658375
2572,50078.1190132738,49005.395023372985,8639.1019106407,1072.7239899008127,41439.01710263309
2573,50079.91215885806,49006.09289040632,8639.268997364388,1073.8192684517417,41440.643161493674
2574,50081.68782644688,49006.78309425839,8639.434418024566,1074.9047321884937,41442.253408422315
2575,50083.44618640028,49007.46571907752,8639.598189233971,1075.9804673227627,41443.84799716631
2576,50085.18740741777,49008.140848088035,8639.76032743969,1077.046559329734,41445.42707997808
2577,50086.91165655451,49008.80856360035,8639.920848924809,1078.1030929541594,41446.9908076297
2578,50088.61909923739,49009.46894702109,8640.079769810054,1079.1501522163016,41448.53932942734
2579,50090.309899280815,49010.122078862914,8640.237106055407,1080.187820417901,41450.07279322541
2580,50091.98421890251,49010.76803875441,8640.392873461711,1081.216180148098,41451.5913454408
2581,50093.64221873903,49011.40690544978,8640.54708767225,1082.2353132892458,41453.09513106677
2582,50095.284057861194,49012.03875683843,8640.699764174326,1083.2453010227619,41454.58429368687
2583,50096.90989378933,49012.66366995447,8640.850918300817,1084.2462238348598,41456.058975488515
2584,50098.519882508415,49013.2817209861,8641.000565231712,1085.238161522313,41457.5193172767
2585,50100.114178483,49013.892985284925,8641.148719995632,1086.2211931980783,41458.96545848737
2586,50101.69293467208,49014.49753737513,8641.29539747135,1087.1953972969495,41460.397537200726
2587,50103.256302543705,49015.09545096253,8641.440612389273,1088.160851581175,41461.81569015443
2588,50104.80443208958,49015.686798943614,8641.584379332933,1089.1176331459646,41463.220052756646
2589,50106.33747183941,49016.2716534144,8641.726712740443,1090.0658184250133,41464.61075909897
2590,50107.85556887516,49016.85008567921,8641.86762690595,1091.0054831959496,41465.98794196921
2591,50109.35886884518,49017.42216625942,8642.007135981072,1091.9367025857573,41467.3517328641
2592,50110.84751597817,49017.98796490198,8642.145253976314,1092.859551076188,41468.702262001854
2593,50112.32165309701,49018.54755058799,8642.281994762485,1093.7741025090218,41470.03965833453
2594,50113.781421632455,49019.10099154106,8642.417372072077,1094.6804300913936,41471.364049560376
2595,50115.22696163675,49019.64835523565,8642.55139950066,1095.5786064010972,41472.675562136086
2596,50116.65841179701,49020.189708405305,8642.684090508232,1096.468703391707,41473.974321288784
2597,50118.07590944857,49020.72511705075,8642.815458420584,1097.3507923978177,41475.260451027985
2598,50119.47959058812,49021.254646448,8642.945516430627,1098.2249441401218,41476.53407415749
2599,50120.86958988679,49021.778361156255,8643.074277599726,1099.0912287305327,41477.79531228706
2600,50122.246040703045,49022.29632502581,8643.201754859005,1099.949715677234,41479.04428584404
2601,50123.609075095505,49022.808601205834,8643.327961010651,1100.8004738896707,41480.28111408485
2602,50124.95882383558,49023.31525215205,8643.452908729196,1101.6435716835258,41481.50591510638
2603,50126.29541642005,49023.81633963437,8643.57661056279,1102.4790767856757,41482.71880585726
2604,50127.61898108348,49024.31192474444,8643.699078934465,1103.3070563390356,41483.91990214901
2605,50128.92964481049,49024.80206790303,8643.820326143377,1104.1275769074564,41485.109318667106
2606,50130.22753334799,49025.28682886745,8643.940364366046,1104.9407044805412,41486.287168981944
2607,50131.51277121723,49025.76626673885,8644.059205657577,1105.7465044783821,41487.453565559656
2608,50132.78548172572,49026.24043996936,8644.176861952867,1106.5450417563552,41488.60861977285
2609,50134.04578697907,49026.709406369286,8644.293345067814,1107.336380609784,41489.75244191126
2610,50135.293807892725,49027.1732231141,8644.408666700489,1108.120584778626,41490.88514119224
2611,50136.52966420356,49027.63194675146,8644.522838432324,1108.8977174520987,41492.00682577124
2612,50137.753474481346,49028.08563320807,8644.635871729266,1109.6678412732726,41493.11760275208
2613,50138.965356140136,49028.534337796526,8644.747777942935,1110.43101834361,41494.217578197204
2614,50140.165425449566,49028.978115222024,8644.858568311764,1111.1873102275422,41495.3068571378
2615,50141.35379754595,49029.41701958905,8644.968253962114,1111.9367779569002,41496.385543583834
2616,50142.53058644336,49029.85110440799,8645.076845909414,1112.679482035368,41497.45374053395
2617,50143.69590504457,49030.280422601645,8645.184355059251,1113.415482442928,41498.51154998532
2618,50144.84986515187,49030.705026511656,8645.290792208467,1114.1448386402117,41499.559072943404
2619,50145.992577477795,49031.124967904914,8645.396168046249,1114.8676095728806,41500.59640943154
2620,50147.12415165577,49031.54029797988,8645.500493155198,1115.5838536758893,41501.623658500575
2621,50148.244696250586,49031.95106737281,8645.603778012395,1116.2936288777782,41502.64091823819
2622,50149.35431876886,49032.357326163896,8645.706032990449,1116.996992604967,41503.648285778414
2623,50150.45312566933,49032.75912388346,8645.807268358545,1117.6940017858724,41504.64585731078
2624,50151.54122237305,49033.15650951788,8645.907494283469,1118.3847128551715,41505.63372808958
2625,50152.61871327354,49033.54953151569,8646.006720830628,1119.0691817578554,41506.611992442915
2626,50153.685701746785,49033.93823779335,8646.104957965068,1119.747463953434,41507.58074378171
2627,50154.742290161135,49034.32267574119,8646.202215552476,1120.419614419945,41508.54007460866
2628,50155.78857988716,49034.702892229165,8646.298503360153,1121.0856876579928,41509.49007652701
2629,50156.82467130736,49035.078933612516,8646.39383105802,1121.7457376948441,41510.43084024934
2630,50157.85066382578,49035.45084573752,8646.488208219569,1122.3998180882627,41511.36245560621
2631,50158.86665587759,49035.81867394696,8646.58164432284,1123.0479819306274,41512.28501155475
2632,50159.87274493847,49036.182463085766,8646.674148751357,1123.6902818527014,41513.19859618711
2633,50160.86902753401,49036.54225750641,8646.765730795083,1124.3267700276047,41514.10329673893
2634,50161.85559924895,49036.89810107433,8646.856399651346,1124.957498174619,41514.9991995976
2635,50162.83255473635,49037.250037173304,8646.946164425768,1125.5825175630453,41515.88639031058
2636,50163.79998772669,49037.59810871071,8647.035034133174,1126.2018790159855,41516.76495359352
2637,50164.75799103685,49037.94235812276,8647.123017698501,1126.815632914091,41517.634973338354
2638,50165.70665657898,49038.28282737967,8647.210123957697,1127.4238291993097,41518.496532621284
2639,50166.64607536939,49038.619557990816,8647.296361658597,1128.0265173785738,41519.34971371079
2640,50167.576337537226,49038.95259100974,8647.381739461813,1128.6237465274826,41520.19459807541
2641,50168.49753233314,49039.2819670392,8647.4662659416,1129.21556529394,41521.03126639154
2642,50169.40974813783,49039.60772623608,8647.549949586719,1129.802021901749,41521.85979855111
2643,50170.31307247057,49039.92990831632,8647.632798801284,1130.3831641542492,41522.680273669284
2644,50171.20759199755,49040.24855255976,8647.71482190561,1130.9590394377883,41523.492770091936
2645,50172.093392540206,49040.56369781487,8647.79602713705,1131.5296947253373,41524.29736540315
2646,50172.9705590835,49040.875382503575,8647.876422650817,1132.0951765799255,41525.094136432686
2647,50173.83917578401,49041.18364462587,8647.956016520813,1132.6555311581396,41525.88315926319
2648,50174.699325978014,49041.48852176448,8648.034816740423,1133.210804213537,41526.66450923759
2649,50175.55109218954,49041.79005108944,8648.112831223336,1133.7610411001006,41527.438260966206
2650,50176.39455613822,49042.08826936263,8648.19006780433,1134.306286775587,41528.20448833389
2651,50177.229798747154,49042.38321294225,8648.266534240058,1134.8465858049021,41528.963264507096
2652,50178.056900150696,49042.67491778727,8648.342238209832,1135.3819823634258,41529.71466194086
2653,50178.87593970209,49042.96341946177,8648.41718731639,1135.912520240323,41530.458752385704
2654,50179.68699598115,49043.248753139334,8648.491389086663,1136.4382428418176,41531.195606894486
2655,50180.49014680174,49043.53095360729,8648.564850972525,1136.9591931944524,41531.92529582922
2656,50181.28546921926,49043.81005527098,8648.637580351555,1137.475413948283,41532.64788886771
2657,50182.07303953807,49044.086092157944,8648.709584527754,1137.9869473801227,41533.363455010316
2658,50182.85293331875,49044.35909792207,8648.780870732306,1138.493835396679,41534.07206258644
2659,50183.625225385396,49044.6291058477,8648.851446124283,1138.9961195376964,41534.773779261115
2660,50184.389989832795,49044.89614885369,8648.921317791377,1139.4938409791066,41535.46867204142
2661,50185.1473000335,49045.160259497396,8648.990492750603,1139.987040536107,41536.156807282896
2662,50185.89722864492,49045.4214699787,8649.058977949013,1140.4757586662236,41536.83825069591
2663,50186.63984761626,49045.67981214387,8649.12678026438,1140.960035472388,41537.51306735188
2664,50187.37522819539,49045.93531748949,8649.193906505905,1141.4399107058998,41538.18132168949
2665,50188.10344093578,49046.18801716631,8649.260363414885,1141.9154237694747,41538.8430775209
2666,50188.824555703155,49046.43794198295,8649.326157665408,1142.3866137202058,41539.498398037744
2667,50189.53864168227,49046.68512240978,8649.391295865003,1142.8535192724958,41540.14734581727
2668,50190.24576738355,49046.92958858257,8649.45578455532,1143.316178800982,41540.78998282823
2669,50190.94600064961,49047.17137030617,8649.519630212779,1143.7746303434396,41541.42637043683
2670,50191.63940866179,49047.41049705813,8649.582839249219,1144.2289116036554,41542.05656941257
2671,50192.326057946644,49047.64699799234,8649.645418012547,1144.679059954302,41542.6806399341
2672,50193.00601438225,49047.88090194255,8649.707372787378,1145.125112439695,41543.29864159487
2673,50193.67934320457,49048.112237425856,8649.768709795653,1145.5671057787113,41543.910633408916
2674,50194.34610901372,49048.341032646254,8649.82943519728,1146.0050763674662,41544.51667381644
2675,50195.00637578015,49048.56731549802,8649.889555090738,1146.4390602821295,41545.11682068941
2676,50195.66020685076,49048.79111356911,8649.949075513705,1146.8690932816462,41545.711131337055
2677,50196.307664955006,49049.01245414457,8650.008002443648,1147.2952108104364,41546.29966251136
2678,50196.94881221095,49049.23136420982,8650.066341798436,1147.7174480011236,41546.882470412515
2679,50197.583710131126,49049.44787045396,8650.124099436925,1148.1358396771684,41547.459610694204
2680,50198.21241962854,49049.661999273005,8650.18128115956,1148.550420355532,41548.03113846898
2681,50198.835001022446,49049.873776773136,8650.237892708934,1148.9612242493095,41548.59710831351
2682,50199.451514044194,49050.08322877386,8650.293939770392,1149.368285270335,41549.157574273806
2683,50200.06201784287,49050.290380811166,8650.349427972586,1149.7716370317066,41549.71258987029
2684,50200.66657099109,49050.49525814063,8650.404362888035,1150.1713128504562,41550.26220810306
2685,50201.26523149051,49050.697885740505,8650.458750033704,1150.5673457500088,41550.806481456806
2686,50201.85805677746,49050.89828831477,8650.512594871543,1150.9597684626933,41551.34546190592
2687,50202.445103728416,49051.096490296106,8650.565902809038,1151.3486134323102,41551.87920091938
2688,50203.026428665486,49051.29251584893,8650.618679199755,1151.733912816555,41552.40774946573
2689,50203.602087361796,49051.486388872305,8650.670929343882,1152.1156984894915,41552.93115801791
2690,50204.172135046836,49051.678133002846,8650.722658488754,1152.49400204399,41553.44947655808
2691,50204.73662641179,49051.86777161764,8650.773871829388,1152.8688547941492,41553.962754582404
2692,50205.295615614734,49052.055327837064,8650.824574508992,1153.2402877776694,41554.471041105746
2693,50205.849156285876,49052.2408245276,8650.874771619496,1153.6083317582743,41554.97438466638
2694,50206.39730153268,49052.42428430468,8650.924468202058,1153.973017227996,41555.47283333062
2695,50206.940103944966,49052.60572953534,8650.973669247567,1154.3343744096273,41555.9664346974
2696,50207.47761559995,49052.785182341046,8651.022379697148,1154.6924332589042,41556.4552359028
2697,50208.00988806725,49052.96266460034,8651.070604442652,1155.0472234669141,41556.9392836246
2698,50208.53697241384,49053.13819795151,8651.11834832716,1155.39877446233,41557.418624086684
2699,50209.05891920892,49053.311803795266,8651.165616145452,1155.747115413651,41557.893303063465
2700,50209.57577852878,49053.48350329729,8651.212412644509,1156.0922752314873,41558.363365884274
2701,50210.08759996164,49053.653317390854,8651.258742523969,1156.4342825707863,41558.82885743767
2702,50210.59443261235,49053.82126677936,8651.304610436615,1156.7731658329867,41559.289822175735
2703,50211.09632510716,49053.98737193889,8651.350020988833,1157.1089531682665,41559.74630411832
2704,50211.59332559831,49054.151653120665,8651.394978741078,1157.4416724776456,41560.19834685723
2705,50212.08548176874,49054.31413035352,8651.43948820833,1157.7713514152201,41560.645993560414
2706,50212.57284083659,49054.47482344639,8651.483553860555,1158.098017390199,41561.089286976036
2707,50213.055449559775,49054.63375199065,8651.52718012314,1158.4216975691234,41561.52826943663
2708,50213.53335424045,49054.79093536257,8651.570371377351,1158.742418877875,41561.9629828631
2709,50214.00660072944,49054.94639272566,8651.613131960763,1159.0602080037788,41562.39346876867
2710,50214.47523443068,49055.100143032956,8651.655466167704,1159.3750913977274,41562.81976826298
2711,50214.93930030556,49055.252205029414,8651.69737824968,1159.6870952761456,41563.24192205588
2712,50215.39884287718,49055.40259725415,8651.738872415806,1159.9962456230278,41563.65997046137
2713,50215.853906234704,49055.551338042686,8651.779952833223,1160.302568192019,41564.07395340148
2714,50216.30453403756,49055.69844552921,8651.820623627525,1160.6060885083498,41564.48391041004
2715,50216.75076951959,49055.84393764881,8651.860888883166,1160.9068318707796,41564.88988063642
2716,50217.19265549325,49055.98783213958,8651.90075264387,1161.2048233536698,41565.29190284938
2717,50217.6302343537,49056.13014654486,8651.940218913049,1161.5000878088395,41565.690015440654
2718,50218.063548082864,49056.27089821538,8651.979291654188,1161.792649867486,41566.08425642867
2719,50218.49263825347,49056.41010431128,8652.017974791252,1162.0825339421863,41566.47466346221
2720,50218.91754603302,49056.54778180432,8652.056272209084,1162.3697642287007,41566.86127382394
2721,50219.33831218777,49056.683947479876,8652.094187753783,1162.6543647078943,41567.244124433986
2722,50219.7549770866,49056.81861793899,8652.131725233103,1162.936359147614,41567.623251853496
2723,50220.16758070493,49056.95180960045,8652.168888416829,1163.2157711044856,41567.99869228811
2724,50220.57616262852,49057.08353870272,8652.205681037158,1163.4926239257984,41568.37048159136
2725,50220.98076205729,49057.213821305944,8652.242106789065,1163.7669407513458,41568.73865526823
2726,50221.381417809076,49057.342673293955,8652.278169330692,1164.038744515121,41569.10324847839
2727,50221.77816832335,49057.47011037612,8652.313872283696,1164.3080579472298,41569.46429603965
2728,50222.1710516649,49057.59614808933,8652.349219233627,1164.5749035755653,41569.82183243127
2729,50222.56010552751,49057.720801799864,8652.384213730282,1164.8393037276473,41570.17589179723
2730,50222.945367237546,49057.844086705256,8652.418859288056,1165.1012805322898,41570.526507949486
2731,50223.32687375756,49057.966017836174,8652.45315938631,1165.3608559213899,41570.87371437125
2732,50223.70466168982,49058.08661005822,8652.487117469707,1165.6180516316017,41571.21754422011
2733,50224.078767279825,49058.205878073786,8652.520736948562,1165.872889206039,41571.55803033126
2734,50224.449226419776,49058.32383642378,8652.554021199187,1166.1253899959993,41571.895205220586
2735,50224.81607465205,49058.44049948947,8652.58697356422,1166.3755751625795,41572.22910108783
2736,50225.179347172576,49058.55588149418,8652.619597352983,1166.6234656783927,41572.55974981959
2737,50225.53907883423,49058.66999650508,8652.651895841791,1166.8690823291472,41572.88718299243
2738,50225.89530415016,49058.782858434846,8652.683872274287,1167.1124457153128,41573.21143187587
2739,50226.248057297125,49058.89448104338,8652.715529861778,1167.353576253743,41573.532527435345
2740,50226.597372118755,49059.004877939515,8652.746871783547,1167.59249417924,41573.850500335204
2741,50226.9432821288,49059.11406258261,8652.777901187175,1167.8292195461909,41574.165380941624
2742,50227.28582051434,49059.22204828425,8652.80862118886,1168.063772230089,41574.47719932548
2743,50227.625020139,49059.328848209865,8652.839034873725,1168.2961719291343,41574.78598526528
2744,50227.960913546056,49059.43447538029,8652.869145296132,1168.526438165769,41575.09176824993
2745,50228.29353296159,49059.53894267337,8652.898955479988,1168.7545902882193,41575.394577481595
2746,50228.62291029758,49059.64226282557,8652.928468419042,1168.9806474720099,41575.694441878535
2747,50228.94907715494,49059.744448433485,8652.957687077203,1169.2046287214544,41575.99139007773
2748,50229.27206482657,49059.845511955384,8652.986614388816,1169.426552871184,41576.285450437754
2749,50229.59190430036,49059.94546571275,8653.01525325897,1169.6464385876097,41576.57665104139
2750,50229.90862626216,49060.04432189175,8653.043606563786,1169.864304370407,41576.86501969837
2751,50230.22226109871,49060.142092544724,8653.07167715071,1170.0801685539845,41577.150583947994
2752,50230.53283890057,49060.2387895917,8653.09946783879,1170.2940493088754,41577.43337106178
2753,50230.840389465026,49060.33442482179,8653.12698141897,1170.5059646432346,41577.71340804605
2754,50231.14494229889,49060.429009894666,8653.154220654364,1170.7159324042223,41577.99072164453
2755,50231.44652662139,49060.522556341944,8653.181188280525,1170.923970279444,41578.26533834086
2756,50231.74517136695,49060.61507556864,8653.207887005743,1171.1300957983112,41578.537284361206
2757,50232.04090518796,49060.706578854515,8653.234319511295,1171.3343263334464,41578.80658567666
2758,50232.333756457534,49060.797077355484,8653.260488451722,1171.5366791020497,41579.07326800581
2759,50232.62375327224,49060.88658210494,8653.2863964551,1171.7371711672968,41579.33735681714
2760,50232.91092345476,49060.975104015146,8653.312046123297,1171.9358194396118,41579.59887733146
2761,50233.19529455661,49061.0626538785,8653.33744003224,1172.1326406781081,41579.857854524365
2762,50233.47689386075,49061.14924236893,8653.362580732162,1172.3276514918252,41580.11431312859
2763,50233.75574838421,49061.234880043135,8653.38747074788,1172.5208683410747,41580.36827763633
2764,50234.031884880686,49061.3195773419,8653.412112579026,1172.7123075387863,41580.61977230166
2765,50234.3053298431,49061.40334459135,8653.436508700312,1172.901985251745,41580.86882114279
2766,50234.57610950613,49061.48619200423,8653.46066156177,1173.0899175019003,41581.115447944365
2767,50234.84424984877,49061.56812968114,8653.484573589007,1173.276120167633,41581.359676259766
2768,50235.109776596764,49061.64916761177,8653.50824718344,1173.4606089849913,41581.601529413325
2769,50235.37271522513,49061.7293156761,8653.53168472254,1173.6433995490297,41581.84103050259
2770,50235.63309096057,49061.80858364564,8653.55488856008,1173.82450731493,41582.07820240049
2771,50235.89092878387,49061.88698118457,8653.57786102635,1174.0039475992962,41582.31306775752
2772,50236.14625343238,49061.96451785099,8653.600604428415,1174.181735581391,41582.545649003965
2773,50236.39908940228,49062.04120309801,8653.623121050328,1174.3578863042712,41582.775968351954
2774,50236.64946095101,49062.11704627494,8653.645413153376,1174.5324146760686,41583.004047797636
2775,50236.89739209958,49062.19205662846,8653.667482976285,1174.705335471117,41583.22990912329
2776,50237.142906634836,49062.26624330367,8653.689332735474,1174.876663331168,41583.45357389936
2777,50237.386028111796,49062.33961534526,8653.710964625248,1175.0464127665327,41583.675063486546
2778,50237.62677985586,49062.41218169863,8653.73238081804,1175.214598157232,41583.89439903782
2779,50237.8651849651,49062.483951210925,8653.753583464619,1175.381233754175,41584.11160150048
2780,50238.10126631242,49062.554932632134,8653.774574694304,1175.546333680286,41584.32669161812
2781,50238.33504654781,49062.62513461619,8653.795356615188,1175.709911931619,41584.539689932615
2782,50238.566548100454,49062.69456572198,8653.815931314342,1175.8719823784777,41584.750616786114
2783,50238.79579318094,49062.76323441441,8653.836300858025,1176.0325587665357,41584.959492322916
2784,50239.02280378337,49062.83114906543,8653.856467291895,1176.1916547179426,41585.16633649148
2785,50239.24760168745,49062.89831795507,8653.876432641207,1176.3492837323793,41585.371169046244
2786,50239.4702084606,49062.96474927245,8653.896198911028,1176.5054591881562,41585.57400954957
2787,50239.69064546003,49063.03045111671,8653.915768086432,1176.6601943433197,41585.7748773736
2788,50239.90893383478,49063.095431498135,8653.935142132692,1176.8135023366412,41585.97379170208
2789,50240.12509452772,49063.159698338975,8653.954322995492,1176.9653961887452,41586.170771532226
2790,50240.33914827763,49063.22325947454,8653.973312601112,1177.1158888030914,41586.365835676515
2791,50240.551115621114,49063.28612265407,8653.992112856624,1177.2649929670442,41586.559002764494
2792,50240.76101689462,49063.348295541735,8654.010725650089,1177.4127213528845,41586.750291244534
2793,50240.968872236364,49063.40978571753,8654.029152850733,1177.559086518835,41586.93971938563
2794,50241.17470158827,49063.47060067822,8654.047396309152,1177.7041009100503,41587.12730527912
2795,50241.37852469791,49063.53074783824,8654.065457857483,1177.8477768596713,41587.31306684043
2796,50241.58036112035,49063.590234530624,8654.0833393096,1177.9901265897279,41587.49702181075
2797,50241.78023022006,49063.64906800788,8654.101042461287,1178.1311622121793,41587.67918775877
2798,50241.97815117275,49063.70725544286,8654.11856909042,1178.2708957298892,41587.859582082325
2799,50242.17414296723,49063.764803929684,8654.13592095715,1178.4093390375492,41588.03822201009
2800,50242.36822440725,49063.821720484535,8654.153099804078,1178.5465039227129,41588.21512460317
2801,50242.560414113235,49063.87801204658,8654.170107356425,1178.6824020666536,41588.39030675681
2802,50242.75073052414,49063.93368547878,8654.186945322217,1178.8170450453545,41588.56378520192
2803,50242.93919189918,49063.98874756873,8654.20361539244,1178.950444330454,41588.73557650674
2804,50243.1258163196,49064.04320502949,8654.220119241225,1179.0826112901123,41588.90569707838
2805,50243.31062169043,49064.09706450041,8654.236458526004,1179.2135571900144,41589.07416316442
2806,50243.49362574213,49064.15033254794,8654.252634887689,1179.3432931941861,41589.240990854436
2807,50243.674846032365,49064.20301566642,8654.268649950827,1179.4718303659465,41589.40619608154
2808,50243.85429994768,49064.25512027887,8654.284505323763,1179.5991796688104,41589.569794623916
2809,50244.032004705114,49064.30665273778,8654.30020259881,1179.7253519673322,41589.731802106304
2810,50244.20797735393,49064.35761932589,8654.315743352405,1179.8503580280376,41589.89223400153
2811,50244.38223477717,49064.40802625696,8654.331129145256,1179.9742085202088,41590.051105631916
2812,50244.554793693336,49064.4578796765,8654.346361522521,1180.0969140168381,41590.20843217082
2813,50244.72567065799,49064.507185662536,8654.361442013942,1180.2184849954501,41590.364228644044
2814,50244.89488206528,49064.55595022637,8654.376372134011,1180.338931838909,41590.518509931266
2815,50245.062444149604,49064.60417931329,8654.39115338212,1180.458264836314,41590.67129076748
2816,50245.22837298709,49064.65187880327,8654.405787242704,1180.5764941838206,41590.82258574439
2817,50245.392684497194,49064.69905451176,8654.420275185408,1180.693629985435,41590.972409311784
2818,50245.555394444185,49064.74571219033,8654.434618665211,1180.8096822538573,41591.120775778974
2819,50245.716518438676,49064.79185752739,8654.44881912259,1180.9246609112888,41591.267699316086
2820,50245.87607193914,49064.83749614889,8654.462877983657,1181.038575790255,41591.413193955486
2821,50246.03407025335,49064.88263361901,8654.476796660303,1181.15143663434,41591.55727359305
2822,50246.1905285399,49064.927275440816,8654.490576550343,1181.2632530990813,41591.699951989554
2823,50246.34546180959,49064.97142705695,8654.504219037655,1181.37403475264,41591.84124277194
2824,50246.49888492696,49065.01509385032,8654.517725492315,1181.4837910766364,41591.98115943464
2825,50246.650812611624,49065.058281144666,8654.531097270734,1181.5925314669585,41592.11971534089
2826,50246.801259439744,49065.10099420531,8654.54433571581,1181.7002652344308,41592.25692372394
2827,50246.95023984539,49065.14323823976,8654.557442157036,1181.80700160563,41592.39279768836
2828,50247.09776812196,49065.18501839831,8654.570417910661,1181.9127497236477,41592.5273502113
2829,50247.24385842351,49065.22633977473,8654.583264279801,1182.0175186487832,41592.660594143716
2830,50247.38852476616,49065.267207406825,8654.595982554581,1182.121317359335,41592.79254221158
2831,50247.53178102939,49065.30762627712,8654.608574012263,1182.2241547522717,41592.92320701713
2832,50247.673640957415,49065.34760131339,8654.62103991737,1182.3260396440237,41593.05260104004
2833,50247.814118160466,49065.38713738932,8654.63338152182,1182.4269807711462,41593.18073663865
2834,50247.95322611613,49065.42623932508,8654.645600065047,1182.5269867910465,41593.307626051086
2835,50248.09097817061,49065.4649118879,8654.657696774124,1182.6260662827044,41593.43328139649
2836,50248.22738754003,49065.503159792665,8654.669672863889,1182.7242277473633,41593.557714676135
2837,50248.3624673117,49065.54098770248,8654.681529537065,1182.8214796092216,41593.68093777464
2838,50248.49623044536,49065.57840022925,8654.693267984392,1182.917830216109,41593.80296246096
2839,50248.62868977443,49065.61540193425,8654.70488938472,1183.0132878401782,41593.923800389704
2840,50248.75985800724,49065.65199732865,8654.716394905163,1183.1078606785886,41594.043463102076
2841,50248.88974772826,49065.68819087409,8654.727785701183,1183.2015568541683,41594.16196202708
2842,50249.018371399296,49065.72398698321,8654.739062916728,1183.2943844160836,41594.27930848257
2843,50249.14574136067,49065.75939002022,8654.750227684333,1183.3863513404503,41594.39551367634
2844,50249.27186983244,49065.794404301385,8654.761281125251,1183.477465531054,41594.510588707184
2845,50249.39676891554,49065.82903409557,8654.772224349545,1183.5677348199679,41594.624544565995
2846,50249.52045059297,49065.863283624785,8654.783058456213,1183.657166968187,41594.73739213676
2847,50249.64292673092,49065.89715706467,8654.793784533293,1183.7457696662532,41594.84914219763
2848,50249.76420907993,49065.93065854499,8654.804403657976,1183.8335505349387,41594.95980542195
2849,50249.88430927598,49065.96379215019,8654.81491689671,1183.9205171257854,41595.06939237927
2850,50250.00323884166,49065.99656191986,8654.825325305315,1184.0066769217956,41595.17791353635
2851,50250.12100918724,49066.028971849235,8654.835629929072,1184.0920373380068,41595.28537925817
2852,50250.237631611766,49066.06102588966,8654.845831802848,1184.176605722103,41595.39179980892
2853,50250.35311730416,49066.0927279491,8654.85593195119,1184.2603893550622,41595.49718535297
2854,50250.46747734429,49066.124081892616,8654.865931388427,1184.3433954516731,41595.60154595586
2855,50250.580722704,49066.15509154282,8654.875831118774,1184.4256311611753,41595.70489158522
2856,50250.692864248216,49066.18576068035,8654.885632136433,1184.507103567863,41595.80723211178
2857,50250.80391273595,49066.216093044335,8654.895335425696,1184.5878196916165,41595.908577310256
2858,50250.91387882135,49066.24609233283,8654.904941961033,1184.6677864885205,41596.00893686032
2859,50251.02277305473,49066.27576220328,8654.914452707206,1184.7470108514462,41596.10832034752
2860,50251.130605883525,49066.305106272994,8654.923868619348,1184.8254996105316,41596.206737264176
2861,50251.2373876534,49066.334128119546,8654.933190643074,1184.9032595338504,41596.30419701032
2862,50251.343128609115,49066.36283128122,8654.942419714574,1184.980297327893,41596.40070889454
2863,50251.447838895634,49066.39121925745,8654.951556760692,1185.0566196381842,41596.49628213494
2864,50251.551528558986,49066.41929550923,8654.960602699037,1185.132233049757,41596.59092585995
2865,50251.65420754731,49066.44706345959,8654.969558438072,1185.207144087719,41596.684649109244
2866,50251.75588571177,49066.47452649393,8654.97842487719,1185.2813592178427,41596.77746083458
2867,50251.85657280751,49066.501687960495,8654.987202906826,1185.3548848470164,41596.86936990068
2868,50251.9562784946,49066.52855117075,8654.995893408533,1185.427727323855,41596.96038508607
2869,50252.05501233893,49066.55511939981,8655.004497255077,1185.4998929391222,41597.05051508386
2870,50252.15278381317,49066.58139588683,8655.013015310513,1185.5713879263421,41597.13976850266
2871,50252.24960229765,49066.60738383539,8655.021448430289,1185.642218462257,41597.228153867356
2872,50252.34547708126,49066.63308641387,8655.029797461319,1185.7123906673878,41597.31567961994
2873,50252.440417362384,49066.658506755906,8655.038063242071,1185.781910606478,41597.40235412031
2874,50252.534432249704,49066.683647960686,8655.046246602657,1185.8507842890176,41597.488185647046
2875,50252.62753076315,49066.70851309338,8655.054348364909,1185.919017669774,41597.57318239824
2876,50252.719721834714,49066.733105185485,8655.06236934246,1185.9866166492284,41597.65735249226
2877,50252.81101430935,49066.757427235236,8655.070310340841,1186.053587074115,41597.740703968506
2878,50252.90141694577,49066.78148220792,8655.07817215754,1186.1199347378497,41597.82324478823
2879,50252.99093841734,49066.80527303629,8655.085955582097,1186.1856653810464,41597.90498283524
2880,50253.079587312866,49066.82880262086,8655.093661396184,1186.2507846920053,41597.985925916684
2881,50253.167372137454,49066.85207383032,8655.10129037367,1186.315298307134,41598.06608176378
2882,50253.254301313296,49066.87508950186,8655.108843280714,1186.379211811436,41598.14545803258
2883,50253.340383180504,49066.89785244149,8655.116320875833,1186.442530739012,41598.22406230467
2884,50253.425625997894,49066.920365424434,8655.123723909981,1186.50526057346,41598.301902087915
2885,50253.51003794377,49066.94263119543,8655.131053126624,1186.5674067483415,41598.378984817144
2886,50253.593627116745,49066.964652469076,8655.138309261814,1186.6289746476687,41598.45531785493
2887,50253.67640153647,49066.98643193017,8655.145493044267,1186.6899696062974,41598.530908492205
2888,50253.75836914444,49067.007972234016,8655.152605195428,1186.7503969104218,41598.60576394901
2889,50253.83953780475,49067.02927600677,8655.15964642955,1186.810261797982,41598.6798913752
2890,50253.91991530483,49067.05034584574,8655.166617453766,1186.8695694590933,41598.753297851064
2891,50253.99950935621,49067.07118431972,8655.173518968157,1186.9283250364897,41598.82599038805
2892,50254.07832759524,49067.0917939693,8655.180351665822,1186.986533625939,41598.897975929416
2893,50254.15637758388,49067.112177307186,8655.187116232948,1187.044200276694,41598.96926135093
2894,50254.23366681033,49067.13233681845,8655.193813348884,1187.1013299918777,41599.03985346145
2895,50254.31020268984,49067.15227496092,8655.200443686204,1187.1579277289202,41599.10975900364
2896,50254.38599256536,49067.17199416541,8655.20700791077,1187.2139983999514,41599.17898465459
2897,50254.46104370828,49067.191496836036,8655.213506681812,1187.269546872245,41599.24753702647
2898,50254.53536331911,49067.210785350544,8655.219940651983,1187.3245779685676,41599.31542266713
2899,50254.60895852819,49067.22986206054,8655.226310467428,1187.3790964676446,41599.38264806076
2900,50254.681836396325,49067.24872929182,8655.232616767851,1187.4331071045017,41599.44921962847
2901,50254.75400391553,49067.26738934466,8655.238860186575,1187.4866145708656,41599.51514372895
2902,50254.82546800966,49067.285844494036,8655.245041350609,1187.5396235156222,41599.58042665905
2903,50254.89623553508,49067.304096989974,8655.25116088071,1187.5921385451074,41599.64507465437
2904,50254.966313281315,49067.32214905777,8655.257219391448,1187.644164223544,41599.70909388987
2905,50255.035707971736,49067.340002898316,8655.263217491258,1187.69570507342,41599.77249048048
2906,50255.10442626416,49067.35766068832,8655.269155782516,1187.7467655758373,41599.83527048164
2907,50255.17247475151,49067.375124580576,8655.275034861586,1187.7973501709348,41599.89743988992
2908,50255.23985996246,49067.392396704236,8655.280855318888,1187.847463258222,41599.95900464357
2909,50255.30658836204,49067.4094791651,8655.286617738955,1187.897109196936,41600.01997062308
2910,50255.37266635226,49067.42637404584,8655.29232270049,1187.9462923064202,41600.080343651774
2911,50255.438100272746,49067.44308340622,8655.297970776428,1187.9950168665237,41600.140129496314
2912,50255.5028964013,49067.45960928344,8655.303562533987,1188.0432871178637,41600.19933386732
2913,50255.56706095458,49067.47595369228,8655.309098534735,1188.0911072622985,41600.25796241984
2914,50255.630600088596,49067.49211862542,8655.314579334634,1188.1384814631747,41600.31602075396
2915,50255.693519899396,49067.50810605369,8655.320005484107,1188.1854138457056,41600.37351441529
2916,50255.75582642359,49067.523917926206,8655.325377528086,1188.231908497386,41600.43044889551
2917,50255.81752563896,49067.53955617075,8655.330696006069,1188.2779694682104,41600.48682963289
2918,50255.878623465,49067.555022693894,8655.33596145218,1188.3236007711093,41600.54266201283
2919,50255.93912576354,49067.57031938128,8655.341174395211,1188.3688063822628,41600.597951368334
2920,50255.99903833925,49067.585448097874,8655.346335358683,1188.4135902413764,41600.652702980566
2921,50256.05836694021,49067.600410688116,8655.351444860898,1188.4579562520958,41600.70692207931
2922,50256.1171172585,49067.61520897623,8655.356503414987,1188.5019082822691,41600.760613843515
2923,50256.17529493071,49067.62984476639,8655.361511528969,1188.5454501643253,41600.81378340174
2924,50256.23290553848,49067.64431984296,8655.366469705794,1188.588585695521,41600.86643583269
2925,50256.28995460906,49067.65863597073,8655.371378443398,1188.631318638334,41600.91857616566
2926,50256.34644761581,49067.67279489507,8655.376238234752,1188.6736527207395,41600.97020938106
2927,50256.40238997876,49067.68679834223,8655.38104956791,1188.71559163653,41601.02134041085
2928,50256.45778706508,49067.700648019476,8655.385812926062,1188.757139045607,41601.07197413902
2929,50256.51264418966,49067.71434561533,8655.39052878758,1188.7982985743292,41601.122115402075
2930,50256.56696661555,49067.72789279978,8655.395197626063,1188.8390738157686,41601.17176898949
2931,50256.62075955454,49067.741291224476,8655.39981991039,1188.8794683300657,41601.220939644154
2932,50256.67402816759,49067.754542522925,8655.404396104763,1188.919485644663,41601.269632062824
2933,50256.72677756536,49067.767648310706,8655.408926668759,1188.9591292546538,41601.3178508966
2934,50256.77901280871,49067.78061018564,8655.413412057365,1188.9984026230668,41601.36560075134
2935,50256.830738909164,49067.793429728015,8655.417852721042,1189.0373091811489,41601.41288618812
2936,50256.881960829385,49067.80610850078,8655.422249105752,1189.0758523286058,41601.45971172363
2937,50256.93268348369,49067.818648049695,8655.426601653007,1189.114035433995,41601.50608183068
2938,50256.982911738465,49067.83104990356,8655.430910799927,1189.1518618349073,41601.55200093854
2939,50257.032650412686,49067.84331557437,8655.435176979265,1189.1893348383164,41601.59747343342
2940,50257.081904278355,49067.855446557565,8655.439400619463,1189.2264577207898,41601.64250365889
2941,50257.130678060945,49067.86744433211,8655.443582144686,1189.2632337288378,41601.68709591626
2942,50257.17897643989,49067.879310360746,8655.447721974877,1189.2996660791468,41601.73125446502
2943,50257.226804049016,49067.891046090175,8655.451820525785,1189.335757958841,41601.77498352323
2944,50257.27416547694,49067.902652951176,8655.455878209017,1189.3715125257659,41601.818287267924
2945,50257.32106526761,49067.91413235885,8655.459895432075,1189.4069329087652,41601.86116983554
2946,50257.367507920644,49067.92548571274,8655.463872598397,1189.4420222079061,41601.90363532225
2947,50257.41349789182,49067.936714397016,8655.467810107399,1189.476783494807,41601.94568778442
2948,50257.45903959347,49067.94781978066,8655.471708354515,1189.5112198128118,41601.98733123895
2949,50257.50413739494,49067.958803217625,8655.475567731233,1189.5453341773173,41602.02856966371
2950,50257.54879562298,49067.969666047,8655.479388625141,1189.5791295759773,41602.069406997834
2951,50257.59301856215,49067.98040959315,8655.483171419959,1189.6126089690006,41602.10984714219
2952,50257.63681045526,49067.99103516589,8655.486916495585,1189.6457752893693,41602.14989395968
2953,50257.68017550378,49068.00154406071,8655.490624228125,1189.678631443072,41602.18955127566
2954,50257.7231178682,49068.0119375588,8655.494294989938,1189.7111803094012,41602.228822878256
2955,50257.76564166847,49068.02221692732,8655.497929149664,1189.743424741151,41602.267712518806
2956,50257.80775098439,49068.03238341952,8655.501527072276,1189.775367564871,41602.30622391212
2957,50257.84944985598,49068.04243827488,8655.505089119102,1189.8070115810988,41602.34436073688
2958,50257.8907422839,49068.05238271927,8655.508615647868,1189.83835956463,41602.38212663603
2959,50257.93163222979,49068.06221796509,8655.512107012735,1189.8694142647,41602.419525217054
2960,50257.972123616695,49068.07194521143,8655.515563564328,1189.900178405267,41602.456560052364
2961,50258.012220329416,49068.08156564423,8655.518985649782,1189.9306546851876,41602.493234679634
2962,50258.051926214874,49068.091080436396,8655.522373612765,1189.960845778478,41602.52955260211
2963,50258.09124508253,49068.10049074794,8655.525727793522,1189.9907543345907,41602.565517289004
2964,50258.13018070466,49068.10979772615,8655.529048528904,1190.0203829785096,41602.601132175754
2965,50258.168736816835,49068.11900250573,8655.532336152402,1190.0497343111056,41602.63640066443
2966,50258.206917118165,49068.1281062089,8655.535590994185,1190.0788109092682,41602.67132612398
2967,50258.24472527172,49068.137109945565,8655.538813381125,1190.1076153261529,41602.70591189059
2968,50258.28216490488,49068.146014813436,8655.542003636841,1190.1361500914427,41602.74016126804
2969,50258.319239609635,49068.1548218982,8655.545162081718,1190.1644177114358,41602.774077527916
2970,50258.355952943,49068.163532273575,8655.548289032953,1190.1924206694239,41602.80766391005
2971,50258.3923084273,49068.17214700153,8655.551384804574,1190.2201614257647,41602.84092362272
2972,50258.42830955052,49068.18066713234,8655.554449707482,1190.2476424181805,41602.87385984304
2973,50258.46395976668,49068.18909370479,8655.557484049477,1190.2748660618963,41602.9064757172
2974,50258.499262496094,49068.1974277462,8655.560488135288,1190.3018347498946,41602.93877436081
2975,50258.53422112577,49068.20567027267,8655.56346226661,1190.328550853097,41602.970758859155
2976,50258.56883900966,49068.213822289086,8655.566406742124,1190.3550167205758,41603.00243226754
2977,50258.60311946908,49068.22188478934,8655.569321857536,1190.3812346797422,41603.03379761154
2978,50258.63706579293,49068.22985875639,8655.572207905603,1190.4072070365364,41603.06485788732
2979,50258.67068123808,49068.23774516242,8655.575065176163,1190.43293607566,41603.09561606192
2980,50258.70396902963,49068.245544968915,8655.577893956164,1190.4584240607146,41603.126075073465
2981,50258.73693236126,49068.25325912682,8655.58069452969,1190.483673234441,41603.15623783157
2982,50258.76957439552,49068.26088857662,8655.583467178,1190.5086858189024,41603.18610721752
2983,50258.80189826414,49068.268434248486,8655.58621217954,1190.5334640156507,41603.2156860846
2984,50258.8339070683,49068.275897062376,8655.588929809981,1190.5580100059233,41603.24497725832
2985,50258.865603878985,49068.28327792814,8655.591620342251,1190.582325950847,41603.27398353673
2986,50258.896991737216,49068.29057774564,8655.59428404655,1190.6064139915761,41603.302707690666
2987,50258.9280736544,49068.297797404855,8655.596921190387,1190.630276249547,41603.331152464016
2988,50258.95885261258,49068.304937785986,8655.599532038605,1190.6539148265947,41603.359320573974
2989,50258.98933156473,49068.311999759586,8655.6021168534,1190.6773318051419,41603.38721471133
2990,50259.019513435036,49068.31898418663,8655.604675894363,1190.7005292484027,41603.41483754067
2991,50259.0494011192,49068.32589191865,8655.607209418486,1190.7235092005503,41603.44219170071
2992,50259.07899748468,49068.33272379782,8655.609717680207,1190.7462736868547,41603.46927980447
2993,50259.108305370995,49068.33948065707,8655.612200931424,1190.768824713923,41603.496104439575
2994,50259.13732758998,49068.346163320195,8655.61465942152,1190.7911642697873,41603.52266816846
2995,50259.16606692608,49068.35277260191,8655.617093397399,1190.8132943241726,41603.54897352868
2996,50259.194526136576,49068.35930930801,8655.619503103495,1190.8352168285637,41603.57502303308
2997,50259.222707951885,49068.36577423546,8655.62188878181,1190.8569337164226,41603.600819170075
2998,50259.25061507581,49068.372168172435,8655.624250671928,1190.878446903378,41603.626364403885
2999,50259.27825018581,49068.37849189847,8655.626589011048,1190.8997582873417,41603.651661174765
3000,50259.30561593322,49068.38474618454,8655.628904034005,1190.9208697486756,41603.676711899214
3001,50259.33271494355,49068.39093179317,8655.631195973292,1190.9417831503815,41603.70151897026
3002,50259.35954981673,49068.39704947848,8655.633465059076,1190.9625003382462,41603.726084757654
3003,50259.386123127326,49068.40309998634,8655.635711519237,1190.983023140987,41603.75041160809
3004,50259.41243742481,49068.40908405441,8655.637935579385,1191.0033533704045,41603.77450184543
3005,50259.43849523383,49068.41500241225,8655.640137462871,1191.0234928215796,41603.79835777096
3006,50259.464299054394,49068.42085578143,8655.642317390826,1191.0434432729671,41603.82198166357
3007,50259.48985136217,49068.426644875566,8655.644475582176,1191.0632064866004,41603.84537577999
3008,50259.51515460867,49068.43237040047,8655.64661225366,1191.0827842081999,41603.86854235501
3009,50259.54021122152,49068.438033054175,8655.648727619857,1191.102178167348,41603.89148360166
3010,50259.56502360471,49068.443633527066,8655.65082189321,1191.121390077642,41603.914201711494
3011,50259.58959413874,49068.44917250193,8655.652895284038,1191.14042163681,41603.936698854704
3012,50259.61392518097,49068.454650654094,8655.654948000569,1191.159274526879,41603.9589771804
3013,50259.638019065744,49068.46006865142,8655.656980248948,1191.177950414327,41603.9810388168
3014,50259.66187810466,49068.46542715446,8655.658992233271,1191.1964509502068,41604.00288587139
3015,50259.68550458679,49068.47072681652,8655.660984155596,1191.2147777702703,41604.024520431194
3016,50259.708900778896,49068.47596828373,8655.662956215965,1191.2329324951643,41604.04594456293
3017,50259.73206892564,49068.48115219512,8655.664908612427,1191.250916730518,41604.06716031321
3018,50259.7550112498,49068.48627918269,8655.666841541057,1191.2687320671102,41604.088169708746
3019,50259.7777299525,49068.49134987152,8655.66875519597,1191.2863800809791,41604.10897475653
3020,50259.800227213396,49068.496364879815,8655.670649769352,1191.3038623335815,41604.129577444044
3021,50259.82250519092,49068.50132481901,8655.672525451468,1191.3211803719096,41604.14997973945
3022,50259.84456602244,49068.50623029379,8655.67438243069,1191.3383357286511,41604.17018359175
